film,link,genre,release_date,duration,age_rating,satisfaction_score,cast,director,description
Mang Mẹ Đi Bỏ,https://moveek.com/phim/mang-me-di-bo,"Drama, Family",01/08/2025,112 phút,K,67%,"Tuấn Trần, Hồng Đào, Jung Il-woo, Juliet Bảo Ngọc, Nguyễn Quốc Khánh",Mo Hong-jin,"Mang Mẹ Đi Bỏ kể về số phận của Hoan (Tuấn Trần) - một chàng trai trẻ ngày ngày hóa thân thành “thằng hề đường phố” với ngón nghề cắt tóc vỉa hè để kiếm tiền lo cho mẹ. Mẹ Hoan là bà Lê Thị Hạnh (Hồng Đào), mắc bệnh Alzheimer và cư xử như một đứa trẻ con. Căn bệnh của mẹ không chỉ là gánh nặng mưu sinh, mà còn lấy đi của Hoan một cuộc đời tự do với những ước mơ chưa thể thực hiện. Một ngày, Hoan quyết định mang mẹ “đi bỏ” cho người anh trai ở Hàn Quốc, người mà chính Hoan còn không biết mặt mũi ra sao."
Conan Movie 28: Dư Ảnh Của Độc Nhãn,https://moveek.com/phim/conan-movie-28,"Action, Thriller, Animation",25/07/2025,109 phút,K,91%,"Minami Takayama, Wakana Yamazaki, Rikiya Koyama, Show Hayami, Yuji Takada",Katsuya Shigehara,"Một người đồng nghiệp cũ của thám tử Mori từ Sở cảnh sát bất ngờ liên lạc lại với ông để cùng điều tra về một vụ tai nạn lở tuyết; nhưng khi ông Mori đến địa điểm gặp mặt, tiếng súng đột ngột vang lên... Trong làn tuyết trắng và ký ức mơ hồ của cảnh sát Yamato Kansuke – người đã mất đi một mắt trong vụ lở tuyết năm đó – đang cất giấu bí mật gì?"
Toàn Trí Độc Giả,https://moveek.com/phim/toan-tri-doc-gia,"Action, Adventure, Fantasy",01/08/2025,116 phút,T16,,"Ahn Hyo-seop, Lee Min-ho, Chae Soo-bin, Shin Seung-ho, Nana",Kim Byung-Woo,"Khi thế giới diệt vong trong cuốn tiểu thuyết yêu thích bỗng biến thành hiện thực, Kim Dokja (Ahn Hyo-seop) - 1 nhân viên văn phòng bình thường cũng là người duy nhất biết được kết truyện phải bắt tay vào cuộc hành trình đến phân cảnh cuối cùng. Cùng những đồng đội ngẫu nhiên và người hùng Yu Jeong-hyeok (Lee Min-ho) tập hợp thành 1 nhóm, Kim Dokja cần vượt qua mọi thử thách để sống sót trong thế giới bộ truyện mà anh yêu thích."
Bộ Tứ Siêu Đẳng: Bước Đi Đầu Tiên,https://moveek.com/phim/the-fantastic-four-first-steps,"Action, Adventure, Family, Science Fiction",25/07/2025,115 phút,T13,94%,"Pedro Pascal, Vanessa Kirby, Joseph Quinn, Ebon Moss-Bachrach",Matt Shakman,"Sau một chuyến bay thám hiểm vũ trụ, bốn phi hành gia bất ngờ sở hữu năng lực siêu nhiên và trở thành gia đình siêu anh hùng đầu tiên của Marvel. The Fantastic Four: First Steps là bộ phim mở đầu Phase 6, đặt nền móng cho siêu bom tấn Avengers: Doomsday trong năm sau."
Họng Súng Vô Hình,https://moveek.com/phim/the-naked-gun,"Comedy, Action",01/08/2025,85 phút,T16,,"Liam Neeson, Pamela Anderson, Paul Walter Hauser, Kevin Durand, Danny Huston",Akiva Schaffer,"Chỉ có một người đàn ông sở hữu bộ kỹ năng đặc biệt... để lãnh đạo Đội Cảnh sát và cứu thế giới! Trung úy Frank Drebin Jr. (do Liam Neeson thủ vai) nối tiếp bước cha mình trong Họng Súng Vô Hình, do Akiva Schaffer đạo diễn và Seth MacFarlane đảm nhận vai trò sản xuất. Tham gia vụ án này còn có dàn diễn viên Pamela Anderson, Paul Walter Hauser, CCH Pounder, Kevin Durand, Cody Rhodes, Liza Koshy, Eddie Yu, cùng Danny Huston."
Ma Lòng Thòng,https://moveek.com/phim/ma-long-thong,"Thriller, Horror",01/08/2025,91 phút,,,"Andrew Barrett, Michael Simon Russell, Nadia Bulan Sofya, Annisa Kaila, Adelia Rasya",Chiska Doppert,"Nơi cái chết không phải là kết thúc, mà là khởi đầu của một nỗi ám ảnh. Điều gì đang thực sự treo lơ lửng trong không khí của làng Kidul?"
Phim Xì Trum,https://moveek.com/phim/phim-xi-trum,"Animation, Family, Fantasy",18/07/2025,92 phút,P,100%,"Rihanna, James Corden, Nick Offerman, JP Karliak, Dan Levy",Chris Miller,"Câu chuyện trở lại với ngôi làng Xì Trum, nơi mà mỗi ngày đều là lễ hội. Bỗng một ngày, sự yên bình của ngôi làng bị phá vỡ khi Tí Vua bị bắt cóc một cách bí ẩn bởi hai phù thủy độc ác Gà Mên và Cà Mên. Từ đây, Tí Cô Nương phải dẫn dắt các Tí đi vào thế giới thực để giải cứu ông. Với sự giúp đỡ của những người bạn mới, các Tí sẽ bước vào cuộc phiêu lưu khám phá định mệnh của mình để cứu lấy vũ trụ."
Quỷ Ăn Hồn,https://moveek.com/phim/quy-an-hon,Horror,25/07/2025,102 phút,T16,,"Ashley Greene, Ellie O'Brien, Shawn Ashmore, Juno Rinaldi, Brooklyn Marshall",Chad Archibald,"Sau khi tìm về ký ức tàn khốc và chứng kiến hàng loạt sự kiện tang thương, nhà ngoại cảm nổi tiếng Cynthia bất ngờ gặp tai ương sau khi tiếp nhận một khách hàng đặc biệt. Một cô gái trẻ đã khăng khăng rằng mình đang bị một thực thể đoạt xác và chiếm giữ linh hồn. Quá tuyệt vọng và đau đớn nên trước khi linh hồn bị chiếm hữu hoàn toàn, cô tìm đến Cynthia với hy vọng cuối cùng, tuy nhiên Quỷ Ăn Hồn đã trỗi dậy và khiến cơn ác mộng kinh hoàng nhất trở lại…"
Thám Tử Tư: Phía Sau Vết Máu,https://moveek.com/phim/tham-tu-tu-phia-sau-vet-mau,"Drama, Mystery, Crime",25/07/2025,103 phút,T18,,"Cổ Thiên Lạc, Kuan-Ting Liu, Chrissie Chau Sau-Na, Raymond Ho-Yin Wong, Yumi Wong","Jonathan Li Tsz-Chun, Chou Man-Yu","5 vụ án mạng rúng động, một ""trò chơi"" sinh tử đầy uẩn khúc - và Cổ Thiên Lạc, trong vai thám tử tư, vô tình bị cuốn vào vòng xoáy kinh hoàng đó. Bí ẩn nối tiếp bí ẩn, ai sẽ là con mồi, ai mới là kẻ săn? Câu trả lời đang chờ được hé lộ…"
Kaiju No.8: Nhiệm Vụ Trinh Sát,https://moveek.com/phim/kaiju-no-8-mission-recon,"Action, Animation, Science Fiction",25/07/2025,120 phút,T16,,"Masaya Fukunishi, Wataru Katoh, Fairouz Ai, Tessyo Genda, Kengo Kawanishi","Shigeyuki Miya, Tomomi Kamiya","Phim mới·Kaiju No.8: Nhiệm Vụ Trinh Sát là một phần ngoại truyện của bộ manga Kaiju No.8 (Kaijuu 8-gou). Câu chuyện tập trung vào Kafka Hibino, người có khả năng biến hình thành quái vật (Kaiju) và phải giữ bí mật về năng lực này khi gia nhập Lực lượng Phòng vệ Nhật Bản, một tổ chức chuyên tiêu diệt quái vật. Nhiệm vụ của anh là vừa chiến đấu với quái vật, vừa che giấu thân phận thực sự của mình."
Tiếng Ồn Quỷ Dị,https://moveek.com/phim/tieng-on-quy-di,"Thriller, Horror",18/07/2025,94 phút,T18,,"Lee Sun-Bin, Kim Min-seok, Jeon Ik-ryoung, Ryu Kyung-soo, Han Su-ah",Kim Soo-jin,"TIẾNG ỒN QUỶ DỊ là câu chuyện về hai chị em Joo Young và Joo Hee. Sau khi dọn vào căn hộ mới, cả hai liên tục bị quấy nhiễu bởi những tiếng động kỳ quái phát ra từ giữa các tầng – thứ âm thanh âm ỉ, vặn vẹo như thể có ai đó… hoặc thứ gì đó đang sống giữa các bức tường. Rồi một ngày, Joo Hee biến mất không dấu vết. Joo Young cùng bạn trai của em gái lao vào cuộc truy tìm trong vô vọng – khi càng đào sâu, họ càng tiến gần đến một bí mật đen tối bị chôn vùi sau những bức tường cách âm. Cùng lúc đó, người đàn ông sống tầng dưới cũng bị tra tấn bởi chính thứ âm thanh đó và tin rằng, con quái vật nằm ngay trong căn hộ của hai chị em."
Mùa Hè Kinh Hãi,https://moveek.com/phim/mua-he-kinh-hai,"Mystery, Thriller, Horror",18/07/2025,111 phút,T18,,"Chase Sui Wonders, Madelyn Cline, Jonah Hauer-King, Tyriq Withers, Sarah Pidgeon",Jennifer Kaytin Robinson,"Khi năm người bạn vô tình gây ra một vụ tai nạn xe hơi chết người, họ quyết định che giấu và lập một giao ước giữ bí mật thay vì phải đối mặt với hậu quả. Một năm sau, quá khứ trở lại ám ảnh họ, buộc nhóm bạn phải đối diện với một sự thật khủng khiếp: có ai đó biết những gì họ đã làm vào mùa hè năm ngoái… và quyết tâm trả thù họ. Khi từng người trong nhóm bị kẻ sát nhân truy đuổi, họ phát hiện ra rằng điều này đã xảy ra trước đây. Cả nhóm tìm đến hai người sống sót từ vụ thảm sát huyền thoại ở Southport năm 1997 để cầu cứu."
Con Nít Quỷ,https://moveek.com/phim/con-nit-quy,"Mystery, Thriller, Horror",18/07/2025,105 phút,T16,,"Omar Daniel, Anantya Rezky Kirana, Sulthan Hamonangan, Ghazi Alhabsy, Muzakki Ramdhan",Sidharta Tata,"20 năm sau thảm kịch Jatijajar, nỗi kinh hoàng mang tên Ummu Sibyan một lần nữa trỗi dậy. Lần này, điểm đến là ngôi làng hẻo lánh Giritirto. Sau một cuộc ẩu đả giữa đội bóng chính và đội dự bị, 8 đứa trẻ thất trận vội vã trở về làng giữa lúc chạng vạng. Trong cơn tức giận, chúng buông lời nguyền rủa đội thắng sẽ gặp tai họa, và rồi tai họa thật sự ập đến. Không ai hay biết, chính lời nguyền rủa vu vơ ấy đã vô tình đánh thức một thế lực tà ác từng bị chôn vùi trong quá khứ. Giữa rừng sâu lạnh lẽo và bóng đêm dày đặc, quỷ dữ đã cắn nuốt linh hồn một đứa trẻ. Từ đó, cuộc săn đuổi bắt đầu trở nên điên loạn và nghẹt thở."
Ma Xưởng Mía,https://moveek.com/phim/ma-xuong-mia,"Thriller, Horror",11/07/2025,121 phút,T18,71%,"Ersya Aurelia, Arbani Yasiz, Erika Carlina, Bukie B. Mansyur, Wavi Zihan",Awi Suryadi,"Để trang trải nợ nần, Endah cùng nhóm bạn thân phải đến làm việc thời vụ tại một nhà máy sản xuất đường mía ở vùng Java hẻo lánh. Tất cả những người công nhân làm việc ở đây đều phải tuân theo quy định giờ giới nghiêm, không được tự do ra ngoài vào ban đêm và luôn có bảo vệ canh giữ. Trong một đêm lẻn ra ngoài, Endah vô tình chứng kiến nghi lễ kỳ lạ làm trỗi dậy loài quỷ dữ. Kể từ đó, những sự kiện rùng rợn liên tiếp xảy ra trong xưởng mía khiến ai cũng có thể trở thành vật tế tiếp theo. Để giữ được mạng sống, Endah và nhóm bạn buộc phải khám phá bí mật đen tối ẩn sâu bên trong xưởng mía và bước vào trận chiến với thế lực vô hình có sức mạnh vô biên."
Superman (2025),https://moveek.com/phim/superman,"Action, Science Fiction",11/07/2025,130 phút,T13,93%,"David Corenswet, Rachel Brosnahan, Nicholas Hoult, Isabela Merced, Edi Gathegi",James Gunn,"Mùa hè tới đây, Warner Bros. Pictures sẽ mang “Superman” - phim điện ảnh đầu tiên của DC Studios đến các rạp chiếu trên toàn cầu. Với phong cách riêng biệt của mình, James Gunn sẽ khắc họa người hùng huyền thoại trong vũ trụ DC hoàn toàn mới, với sự kết hợp độc đáo của các yếu tố hành động đỉnh cao, hài hước và vô cùng cảm xúc. Một Superman với lòng trắc ẩn và niềm tin vào sự thiện lương của con người sẽ xuất hiện đầy hứa hẹn trên màn ảnh."
Wolfoo Và Cuộc Đua Tam Giới,https://moveek.com/phim/wolfoo-va-cuoc-dua-tam-gioi,Animation,11/07/2025,100 phút,P,100%,,,"Wolfoo - chú sói tỷ view của Youtube, IP hoạt hình Việt nổi tiếng, được phát hành tại 181 quốc gia toàn cầu, sẽ bước lên màn ảnh rộng với phiên bản điện ảnh chất lượng cao, đem tới cuộc phiêu lưu chưa từng có tại “WOLFOO & CUỘC ĐUA TAM GIỚI” cùng những thước phim “tuyệt đối giải trí” cho mọi trẻ em Việt. “Mình không còn ở Neverland nữa hả ba?” - Chuyến ”du lịch” bất đắc dĩ tới Tam giới của cha con Wolfoo & Wulfen mở ra một cuộc phiêu lưu chưa từng có. Rời xa ngôi nhà tại Neverland thân thuộc, Wolfoo và Wulfen bị cuốn vào một cuộc đua và phải ngăn chặn một thảm hoạ diệt vong quê nhà cùng cơn thịnh nộ của Chúa tể Idra. Tham gia vào cuộc đua gay cấn với sự dẫn dắt của chủ đội đua Ali meo meo - cô mèo 500 năm tuổi, cha con Wolfoo - Wulfen không chỉ cùng nhau vượt qua nhiều chặng đua gay cấn, nguy hiểm mà còn khám phá ra những bí mật của Ngoại giới bất khả xâm phạm. Trên hết, Wolfoo đã học được những bài học trưởng thành vô giá về tình bạn, tình đồng đội và đặc biệt, là tình cha con. 11 tháng 7 này, cùng Wolfoo tham gia vào “cuộc đua tam giới” và thấu hiểu tấm lòng của những người đàn ông ta gọi là “ba”!"
Maracuda: Nhóc Quậy Rừng Xanh,https://moveek.com/phim/maracuda-nhoc-quay-rung-xanh,"Comedy, Adventure, Animation, Family",11/07/2025,89 phút,P,,"Prokhor Chekhovskoy, Eliza Martirosova, Diomid Vinogradov, Petr Ivashchenko, Marina Lisovets",Viktor Glukhushin,"Maracuda: Nhóc Quậy Rừng Xanh là hành trình quậy tưng bừng của cậu bé Maracuda – con trai của thủ lĩnh bộ lạc, luôn chịu áp lực từ kỳ vọng của cha. Quyết tâm chứng minh bản thân, cậu bước vào khu rừng huyền bí thời kỳ đồ đá và tình cờ gặp Tink – chú chim ngoài hành tinh có phép thuật thần kỳ. Tai nạn xảy ra khi Tink vô tình biến cha của Maracuda thành sinh vật tí hon, buộc cả ba lao vào chuyến phiêu lưu dở khóc dở cười để khắc phục hậu quả. Với dàn muông thú siêu dễ thương và hàng loạt tình huống ""lầy lội"", bộ phim là món quà giải trí trọn vẹn cho cả gia đình – nơi mỗi đứa trẻ đều được “quậy đúng lúc” để tìm thấy chính mình."
Một Nửa Hoàn Hảo,https://moveek.com/phim/materialists,"Romance, Drama",04/07/2025,117 phút,T16,100%,"Dakota Johnson, Chris Evans, Pedro Pascal, Marin Ireland, Zoe Winters",Celine Song,"“Mát tay” trong chuyện mai mối giúp người khác, nhưng trớ trêu thay, Lucy lại “lạc lối” trong câu chuyện tình cảm của chính mình. Cô nàng bị đẩy vào tình thế khó xử, khi đang hẹn hò với người đàn ông thành đạt, giàu có Randy (Pedro Pascal), thì anh bạn trai cũ tên John (Chris Evans) xuất hiện. Đứng giữa những lựa chọn cảm xúc đầy mâu thuẫn, lúc này đây, Lucy mới nhận ra việc tìm kiếm tình yêu đích thực chưa bao giờ là điều dễ dàng."
Thế Giới Khủng Long: Tái Sinh,https://moveek.com/phim/jurassic-world-rebirth,"Adventure, Thriller, Science Fiction",04/07/2025,134 phút,T13,75%,"Scarlett Johansson, Mahershala Ali, Jonathan Bailey, Rupert Friend, Manuel Garcia-Rulfo",Gareth Edwards,"Phim lấy bối cảnh 5 năm sau phần phim Thế Giới Khủng Long: Lãnh Địa (Jurassic World: Dominion). Thế Giới Khủng Long: Tái Sinh mở ra một chương mới đầy tính hành động, chứng kiến một đội khai thác chạy đua đến nơi nguy hiểm nhất trên Trái Đất. Dàn nhân vật chính là bộ ba Scarlett Johansson, Mahershala Ali và Jonathan Bailey dấn thân vào một nhiệm vụ cực kỳ hiểm nguy, đó chính là cố gắng lấy DNA có thể dẫn đến một bước đột phá y học cho nhân loại. Chìa khóa của nó tình cờ lại là DNA của ba con khủng long khổng lồ nhất trên cạn, biển và không trung trong sinh quyển nhiệt đới. Hành trình này sẽ đưa nhóm nhân vật chính băng rừng, vượt biển, đối mặt với nhiều loài khủng long kỳ lạ, nguy hiểm nhưng cũng đầy lý thú, từ đó hé mở nhiều điều bí ẩn mà tạo hóa đã giấu khỏi con người suốt bấy lâu nay."
F1,https://moveek.com/phim/f1,"Action, Drama",27/06/2025,156 phút,T16,78%,"Brad Pitt, Damson Idris, Kerry Condon, Javier Bardem, Tobias Menzies",Joseph Kosinski,"Siêu bom tấn đắt đỏ bậc nhất năm nay - F1 được coi là “chiến mã” của phòng vé toàn cầu tháng 6. Bộ phim về giải đua Công thức 1 đình đám là cái bắt tay của Apple Original Films và Warner Bros. Pictures, quy tụ dàn sao đẳng cấp bao gồm Brad Pitt, Damson Idris, Kerry Condon và Javier Bardem. Trong phim, Brad Pitt vào vai một cựu tay đua trở lại với đường đua Công thức 1 cùng APXGP, một đội đua giả tưởng. Đồng hành cùng Pitt trên chặng đường này là Damson Idris, vào vai người đồng đội của anh. Cùng nhau, họ sẽ đối đầu với những tay đua máu mặt trong lĩnh vực thể thao, chinh phục những đỉnh cao mới. F1 dự kiến khởi chiếu vào 27.06.2025."
Bí Kíp Luyện Rồng live action,https://moveek.com/phim/how-to-train-your-dragon-movie,"Action, Adventure, Family, Fantasy",13/06/2025,126 phút,K,93%,"Mason Thames, Nico Parker, Gerard Butler, Nick Frost, Julian Dennison",,"Câu chuyện về một chàng trai trẻ với ước mơ trở thành thợ săn rồng, nhưng định mệnh lại đưa đẩy anh đến tình bạn bất ngờ với một chú rồng."
Lilo & Stitch live action,https://moveek.com/phim/lilo-stitch-live-action,"Adventure, Family, Science Fiction",23/05/2025,107 phút,P,100%,"Maia Kealoha, Chris Sanders, Sydney Agudong, Billy Magnussen, Tia Carrere",Dean Fleischer Camp,"Bản hoạt hình kể về tình bạn giữa một cô bé người Hawaii Lilo và sinh vật ngoài hành tinh được tạo ra trong phòng thí nghiệm có tên là Stitch. Ban đầu, Stitch gây ra nhiều rắc rối nhưng Lilo nhận ra nó đang cô đơn. Cô bé quyết định nhận Stitch làm thú cưng và dạy nó về tình yêu thương. Lilo & Stitch nhận đề cử Oscar cho phim hoạt hình hay nhất năm 2003. Tạo hình live action đang thu hút hàng ngàn khán giả vì sự đáng yêu và chân thật gắn liền nguyên tác."
Địa Đạo: Mặt Trời Trong Bóng Tối,https://moveek.com/phim/dia-dao-mat-troi-trong-bong-toi,,04/04/2025,128 phút,T16,87%,"Thái Hoà, Quang Tuấn, Hồ Thu Anh",Bùi Thạc Chuyên,"Vào năm 1967, chiến tranh Việt Nam ngày càng khốc liệt. Đội du kích 21 người do Bảy Theo chỉ huy tại căn cứ Bình An Đông trở thành mục tiêu tìm và diệt số 1 của quân đội Mỹ khi nhận nhiệm vụ bằng mọi giá phải bảo vệ một nhóm thông tin tình báo chiến lược mới đến ẩn náu tại căn cứ. Các cuộc liên lạc vô tuyến điện từ với nhóm tình báo bị quân đội Mỹ phát hiện và định vị, lấy đi lợi thế duy nhất của đội du kích là sự vô hình trong hệ thống địa đạo rộng khắp, phức tạp và bí ẩn. Bộ phim là những câu chuyện đan xen giữa tình đồng đội, tình yêu và khát khao sống của những người lính, nhưng trên hết vẫn là nghĩa vụ và sự hi sinh vì Tổ Quốc."
Bộ Tứ Siêu Đẳng,https://moveek.com/phim/the-fantastic-four,"Action, Adventure, Science Fiction",07/08/2015,100 phút,,,"Miles Teller, Kate Mara, Jamie Bell, Toby Kebbell, Tim Blake Nelson",Josh Trank,"Bộ Tứ Siêu Đẳng, một siêu phẩm giàu trí tưởng tượng và được xem là tác phẩm có lịch sử dài nhất trong nhóm siêu anh hùng của Marvel, tập trung vào bốn con người trẻ đi đến một vũ trụ mới đầy nguy hiểm, tại đây họ bị thay đổi thể chất một cách kỳ lạ. Cuộc sống của họ phải gắn liền với những biến đổi đó và không thể khôi phục lại như cũ, họ phải học cách khai thác những khả năng mới của mình và làm việc cùng nhau để cứu Trái đất khỏi một kẻ thù hung ác từng là bạn bè của họ."
Chuyện Mùa Hạ,https://moveek.com/phim/chuyen-mua-ha,"Comedy, Romance, Drama",,114 phút,T13,,"Melvil Poupaud, Amanda Langlet, Gwenaëlle Simon, Aurelia Nolin, Aimé Lefèvre",Éric Rohmer,"Chàng trai trẻ Gaspard gặp hai cô gái trẻ khi đang đợi bạn gái trong kỳ nghỉ hè ở Dinard. Giữa ba người, liệu trái tim anh thực sự rung động vì ai?"
Zombie Cưng Của Ba,https://moveek.com/phim/zombie-cung-cua-ba,"Comedy, Drama",08/08/2025,114 phút,,,"Cho Jung-seok, Lee Jung-eun, Cho Yeo-jeong, Yoon Kyung-ho, Choi Yu-ri",Pil Gam-seong,"Cho Jung Seok hóa thân thành Lee Jung Hwan, một huấn luyện viên động vật đầy nhiệt huyết quyết tâm bảo vệ cô con gái tuổi teen bị nhiễm virus zombie bằng cách “thuần hóa” cô bé."
Ngày Thứ Sáu Siêu Kỳ Quái,https://moveek.com/phim/freakier-friday,"Comedy, Family, Fantasy",08/08/2025,,,,"Jamie Lee Curtis, Lindsay Lohan, Julia Butters, Sophia Hammons, Manny Jacinto",Nisha Ganatra,"Sau 22 năm, phim teen đình đám một thời “Freaky Friday” sẵn sàng trở lại với phần tiếp theo mang tên “Freakier Friday”. Giờ đây Anna đã trở thành một người mẹ, cô có một cô con gái tên Harper. Anna cũng có một cô con gái là con riêng của chồng, tên Lily, người sẽ gọi cô là mẹ kế. Lần này, phép màu không chỉ hoán đổi Anna và mẹ Tess, mà hai cô con gái cũng “nhập cuộc”. Cụ thể, Anna hoán đổi cơ thể với Harper, còn mẹ Tess hoán đổi với Lily."
Giờ Thả Máu,https://moveek.com/phim/gio-tha-mau,"Thriller, Horror",08/08/2025,98 phút,,,"Hassie Harrison, Jai Courtney, Josh Heuston, Ella Newton, Liam Greinke",Sean Byrne,"Gã thuyền trưởng cuồng cá mập bắt cóc các nạn nhân trẻ để biến họ thành mồi đàn cá, hắn ghi lại những khoảnh khắc tuyệt vọng của nạn nhân để hưởng thụ. Trên con thuyền lênh đênh giữa đại dương, không ai nghe thấy tiếng kêu cứu, họ phải đấu với gã thuyền trưởng điên loạn nếu không muốn trở thành thức ăn cho cá mập."
Jumbo Và Người Bạn Diệu Kì,https://moveek.com/phim/jumbo-va-nguoi-ban-dieu-ki,"Comedy, Drama, Animation, Family, Fantasy",08/08/2025,102 phút,P,,"Prince Poetiray, Quinn Salman, Graciella Abigail, M. Yusuf Ozkan, M. Adhiyat",Ryan Adriandhy,"Don, một cậu bê mồ côi 10 tuổi, bị dánh giá thấp vì ngoại hình to lớn, quyết tâm tham gia cuộc thì tài năng để chứng minh giá trị bản thân. Nhờ cuốn truyện tranh kỳ diệu do cha mẹ để lại và cuộc gặp gỡ cô bé Meri, Don bước vào hành trình khám phá lòng can đảm, tình bạn và giá trị bản thân. Cả hai cùng vượt qua nhiều thứ thách để tìm lại cuốn truyện bị đánh cắp và giúp Meri hội ngộ với cha mẹ mình. Hành trình ấy đưa Don đến sân khẩu chính, nơi cậu dũng cảm đứng lên thể hiện bản thân và chia sẽ cậu chuyện của mình với mọi người."
Chốt Đơn,https://moveek.com/phim/chot-don,Drama,08/08/2025,112 phút,T16,,"Quyền Linh, Hồng Đào, Hồng Vân, Lê Lộc","Namcito, Bảo Nhân","Hoàng Linh - Giám đốc của một công ty Livestream đang trên đà phát triển, gặp được ông An “newbie” (Quyền Linh) - một nhân viên quá tuổi với ngành. Câu chuyện thú vị tiêu biểu cho khái niệm “generation gap”, nhưng khi họ tìm được sự hoà hợp trong công việc, cuộc sống sẽ tạo nên nhiều thay đổi bất ngờ."
Kẻ Vô Danh 2,https://moveek.com/phim/nobody-2,"Action, Thriller",15/08/2025,,,,"Bob Odenkirk, Connie Nielsen, Christopher Lloyd, RZA, Sharon Stone",Timo Tjahjanto,"Kẻ Vô Danh 2 (Nobody 2) đánh dấu sự trở lại của Bob Odenkirk trong vai Hutch Mansell – người cha tưởng chừng bình thường nhưng ẩn chứa quá khứ sát thủ đầy nguy hiểm. Sau những sự kiện trong phần đầu tiên, Hutch cùng gia đình quyết định tận hưởng một kỳ nghỉ yên bình. Tuy nhiên, quá khứ đen tối của anh nhanh chóng quay trở lại, kéo theo những mối đe dọa mới."
Dính Lẹo,https://moveek.com/phim/dinh-leo,Horror,15/08/2025,102 phút,,,"Dave Franco, Alison Brie, Damon Herriman, Mia Morrissey, Karl Richmond",Michael Shanks,"Một tác phẩm kinh dị tình cảm - body horror độc đáo, nơi ám ảnh thể xác và tình yêu biến dạng hòa quyện làm một. Sẽ ra sao nếu hai người yêu nhau không bao giờ tách rời, theo đúng nghĩa đen?"
Tôi Có Bệnh Mới Thích Cậu,https://moveek.com/phim/toi-co-benh-moi-thich-cau,Romance,15/08/2025,111 phút,,,"Zhan Huai-yun, Victoria Chiang, Hsiu-Fu Liu, Guan-Zhi Huang, Umin Boya",Fu-Hsiang Hsu,"Giả ung thư để khỏi bị đuổi học, chàng nam sinh cấp 3 Tử Kiệt đâu ngờ rằng mình lại mắc bệnh tương tư Tử Khiết, cô nàng lớp trưởng thông minh, xinh đẹp nhưng lạnh lùng và nghi ngờ cậu đang “diễn sâu.”"
Thanh Gươm Diệt Quỷ: Vô Hạn Thành,https://moveek.com/phim/thanh-guom-diet-quy-vo-han-thanh,"Kimetsu no Yaiba - The Movie: Infinity Castle - Action, Thriller, Animation, Fantasy",15/08/2025,,,,"Hiro Shimono, Natsuki Hanae, Yoshitsugu Matsuoka, Akari Kitō",Haruo Sotozaki,Xin được phép chào sân với trận đấu đầu tiên đến từ Akaza và trận chiến tại Lâu đài Vô cực chuẩn bị bùng nổ Tanjiro và các Trụ cột chuẩn bị lao vào trận chiến sinh tử tại Vô Hạn Thành – còn anh em thì đã sẵn sàng chưa?
Mưa Đỏ,https://moveek.com/phim/mua-do,,22/08/2025,,,,,,"Phim truyện điện ảnh Mưa Đỏ nói về đề tài chiến tranh cách mạng, kịch bản của nhà văn Chu Lai, lấy cảm hứng và hư cấu từ sự kiện 81 ngày đêm chiến đấu anh dũng, kiên cường của nhân dân và cán bộ, chiến sĩ bảo vệ Thành Cổ Quảng Trị năm 1972. Tiểu đội 1 gồm toàn những thanh niên trẻ tuổi và đầy nhiệt huyết là một trong những đơn vị chiến đấu, bám trụ tại trận địa khốc liệt này. Bộ phim là khúc tráng ca bằng hình ảnh, là nén tâm nhang tri ân và tưởng nhớ những người con đã dâng hiến tuổi thanh xuân cho đất nước, mang âm hưởng của tình yêu, tình đồng đội thiêng liêng, là khát vọng hòa bình, hoà hợp dân tộc của nhân dân Việt Nam."
Cô Dâu Ma,https://moveek.com/phim/co-dau-ma,Horror,29/08/2025,,T18,,"Rima Thanh Vy, JJ Krissanapoom, Công Dương, Jun Vũ",Lee Thongkham,"Đám cưới Việt – Thái hóa nghi thức rợn người và ám ảnh. Lấy cảm hứng từ vụ thảm sát tại một gia tộc bí ẩn ở Thái Lan, Cô Dâu Ma hé lộ những nghi thức và bí mật kinh hoàng đang đón chờ Yến khi lần đầu làm dâu trên đất Thái."
Phim Shin Cậu Bé Bút Chì: Nóng Bỏng Tay! Những Vũ Công Kasukabe,https://moveek.com/phim/phim-shin-cau-be-but-chi-nong-bong-tay-nhung-vu-cong-kasukabe,chan the Movie: Super Hot! The Spicy Kasukabe Dancers - Animation,29/08/2025,,,,,,Cu Bo bất ngờ nói lời tạm biệt Shin. Đã có drama gì xảy ra ở đội đặc nhiệm Kasukabe đây?
Băng Đảng Quái Kiệt 2,https://moveek.com/phim/the-bad-guys-2,"Comedy, Animation, Family, Crime",29/08/2025,,,,"Sam Rockwell, Marc Maron, Craig Robinson, Anthony Ramos, Awkwafina",Pierre Perifel,The Bad Guys 2 đánh dấu sự trở lại đáng trông chờ của nhóm “bất hảo” với những cuộc phiêu lưu hoàn toàn mới.
Làm Giàu Với Ma 2: Cuộc Chiến Hột Xoàn,https://moveek.com/phim/lam-giau-voi-ma-2-cuoc-chien-hot-xoan,"Comedy, Drama",02/09/2025,,,,"Hoài Linh, Tuấn Trần, Diệp Bảo Ngọc, Võ Tấn Phát, Ngọc Xuân",Nhật Trung (Trung Lùn),"Hành trình đầy bi hài của 5 con người với những toan tính khác nhau nhằm đưa thi thể minh tinh Anh Thư (Ngọc Xuân) về quê nhà, đổi lại, hồn ma của cô hứa sẽ trả cho họ chiếc nhẫn kim cương trị giá 9 tỷ. Ai sẽ là người giành được phần thưởng, hay chuyến đi sẽ bộc lộ phần xấu xa nhất bên trong họ?"
Em Xinh Tinh Quái,https://moveek.com/phim/em-xinh-tinh-quai,"Comedy, Romance, Mystery",05/09/2025,113 phút,,,"Yoona, Ahn Bo-hyun, Sung Dong-il, Joo Hyun-young, Ko Gun-han",Lee Sang-geun,"Meet Seon-ji, a lovely aspiring patissier with a secret that even she herself is unaware of: She is under a curse that transforms her into an unmanageable she-devil every night. Daytime Seon-ji has no recollection of Nighttime Seon-ji and the latter's ungracious behavior. One summer night, Nighttime Seon-ji bumps into their awkward and jobless neighbor Gil-gu in a spectacular fashion. Seizing this opportunity, Seon-ji's family hires Gil-gu to work the night shift of watching over her. While crushing hard on Daytime Seon-ji and navigating his bewildering late night dates with her, Gil-gu determined to unravel the curse and help both versions of the girl find their own futures."
Có Chơi Có Chịu,https://moveek.com/phim/co-choi-co-chiu,Drama,05/09/2025,,,,"Cát Phượng, Lê Quốc Nam, NSƯT Mỹ Duyên, Trương Minh Cường",Hoàng Anh Duy,
Khế Ước Bán Dâu,https://moveek.com/phim/khe-uoc-ban-dau,Horror,12/09/2025,,,,"Lâm Thanh Mỹ, Lãnh Thanh, Hữu Vi",Lê Văn Kiệt,Lấy cảm hứng từ tiểu thuyết tâm linh của nhà văn Thục Linh kể về Nhài - một cô dâu trẻ được gả vào gia tộc họ Vũ và vô tình bị cuốn vào một “khế ước” kinh hoàng với quỷ dữ.
Phá Đám Sinh Nhật Mẹ,https://moveek.com/phim/pha-dam-sinh-nhat-me,"Birth-Day - Drama, Family",12/09/2025,,,,"Tín Nguyễn, Hồng Ánh, Trần Kim Hải, Ái Như, NSƯT Thành Hội",Nguyễn Thanh Bình (Bình Bồng Bột),Phá Đám: Sinh Nhật Mẹ - Một bộ phim chạm đến nỗi đau đẹp nhất của tình mẫu tử trong mùa Vu Lan.
Hành Trình Rực Rỡ Ta Đã Yêu,https://moveek.com/phim/hanh-trinh-ruc-ro-ta-da-yeu,"Romance, Drama, Fantasy",19/09/2025,139 phút,,,"Colin Farrell, Margot Robbie, Kevin Kline, Phoebe Waller-Bridge, Lily Rabe",Kogonada,An imaginative tale of two strangers and the unbelievable journey that connects them.
Bịt Mắt Bắt Nai,https://moveek.com/phim/bit-mat-bat-nai,"Romance, Drama",19/09/2025,,,,,Hoàng Thơ,Bịt Mắt Bắt Nai - phim điện ảnh về chủ đề thao túng tình yêu sẽ ra mắt trong tháng 9.
Trăm Dặm Tử Thần,https://moveek.com/phim/tram-dam-tu-than,"Horror, Science Fiction",19/09/2025,108 phút,,,"Cooper Hoffman, David Jonsson, Garrett Wareing, Tut Nyuot, Charlie Plummer",Francis Lawrence,"Dựa trên cuốn tiểu thuyết cùng tên của bậc thầy kể chuyện Stephen King, Trăm Dặm Tử Thần xoay quanh một nhóm thiếu niên tham gia một cuộc thi thường niên mang tên chuyến Đi Xa. Tại đây, họ sẽ phải duy trì một tốc độ nhất định, nếu không, họ sẽ bị loại khỏi cuộc chơi, vĩnh viễn."
Huyền Thoại,https://moveek.com/phim/him,Horror,19/09/2025,,,,"Tyriq Withers, Marlon Wayans, Julia Fox, Tim Heidecker, Jim Jefferies",Justin Tipping,"Đây là một trong những bộ phim gốc đáng chú ý nhất trong danh sách các phim Universal đem đến trong năm nay. Được sản xuất bởi hãng Monkeypaw Productions của Jordan Peele, tác phẩm kể về một cầu thủ bóng bầu dục trẻ muốn cứu vãn sự nghiệp sau khi dính chấn thương. Anh chấp nhận lời mời huấn luyện từ một huyền thoại bóng bầu dục tại khu huấn luyện biệt lập của ông. Tuy nhiên, quá trình huấn luyện dần trở nên u ám, khi nhân vật chính nhận ra rằng sự dẫn dắt của thầy mình ẩn chứa những bí mật đen tối và đòi hỏi hy sinh khủng khiếp."
The Conjuring: Nghi Lễ Cuối Cùng,https://moveek.com/phim/the-conjuring-last-rites,Horror,26/09/2025,,,,"Patrick Wilson, Vera Farmiga, Mia Tomlinson, Ben Hardy, Shannon Kook",Michael Chaves,"The Conjuring: Last Rites là phần thứ 4 trong loạt phim kinh dị đình đám do James Wan sáng tạo, được coi là một trong những phim kinh dị hay nhất thập kỷ 10s. “Last Rites” vẫn sẽ đón chào sự trở lại của cặp đôi ngoại cảm Ed và Lorraine Warren do Patrick Wilson và Vera Farmiga thủ vai, trong khi bộ đôi tài năng Peter Safran và James Wan ngồi ghế sản xuất. The Conjuring: Last Rites dự kiến khởi chiếu tại rạp Việt Nam vào tháng 09.2025."
Chainsaw Man - The Movie: Chương Reze,https://moveek.com/phim/chainsaw-man-the-movie-chuong-reze,"Action, Animation, Fantasy, Horror",26/09/2025,,,,"Kikunosuke Toya, Reina Ueda, Shiori Izawa, Tomori Kusunoki, Shogo Sakata",Tatsuya Yoshihara,"Denji became “Chainsaw Man”, a boy with a devil’s heart, and is now part of Special Division 4’s devil hunters. After a date with Makima, the woman of his dreams, Denji takes shelter from the rain. There he meets Reze, a girl who works in a café."
Nhà Búp Bê Của Gabby: Phim Điện Ảnh,https://moveek.com/phim/gabbys-dollhouse-the-movie,"Comedy, Adventure, Animation, Family, Fantasy",26/09/2025,,,,"Laila Lockhart Kraner, Gloria Estefan, Kristen Wiig, Logan Bailey, Eduardo Franco",Ryan Crego,"Gabby heads out on a road trip with her Grandma Gigi to the urban wonderland of Cat Francisco. But when Gabby's dollhouse, her most prized possession, ends up in the hands of an eccentric cat lady named Vera, Gabby sets off on an adventure through the real world to get the Gabby Cats back together and save the dollhouse before it's too late."
Tử Chiến Trên Không,https://moveek.com/phim/tu-chien-tren-khong,Drama,26/09/2025,,,,"Thái Hoà, Kaity Nguyễn, Thanh Sơn",,"Lấy cảm hứng từ vụ cướp máy bay có thật ở Việt Nam, phim điện ảnh Tử Chiến Trên Không sẽ ra rạp tháng 09 này, với sự tham gia chính của Thái Hoà và Kaity Nguyễn."
Trận Chiến Sau Trận Chiến,https://moveek.com/phim/one-battle-after-another,"Comedy, Action, Crime",26/09/2025,150 phút,,,"Leonardo DiCaprio, Sean Penn, Benicio Del Toro, Regina Hall, Teyana Taylor",Paul Thomas Anderson,"Theo IndieWire, tài tử DiCaprio hóa thân nhân vật Bob Ferguson đang tìm kiếm con gái mất tích, đồng thời anh cũng là nhà hoạt động dân quyền, tham gia nhóm cựu chiến binh chống lại một tổ chức theo chủ nghĩa da trắng thượng đẳng. Các thành viên tái hợp để giúp Bob hội ngộ với con."
The Bride!,https://moveek.com/phim/the-bride-1,"Romance, Drama, Horror",26/09/2025,,,,"Jessie Buckley, Christian Bale, Penelope Cruz, Annette Bening, John Magaro",Maggie Gyllenhaal,"Jessie Buckley sẽ vào vai cô dâu của Frankenstein, trong khi “người chồng” của cô - Frankenstein sẽ do tài tử Christian Bale thủ vai. Phim còn có sự tham gia của nhiều cái tên nổi tiếng khác, bao gồm Penélope Cruz, Peter Sarsgaard và Jake Gyllenhaal. Nhà làm phim Maggie Gyllenhaal - chị gái của Jake Gyllenhaal ngồi ghế đạo diễn bộ phim. The Bride! dự kiến ra rạp vào cuối tháng 09.2025."
Tay Anh Giữ Một Vì Sao,https://moveek.com/phim/tay-anh-giu-mot-vi-sao,"Comedy, Romance",03/10/2025,,,,"Lee Kwang-Soo, Hoàng Hà, Um Mun-suk",Kim Sung-hoon,"Siêu sao Kang Jun Woo – “Hoàng tử Châu Á” – rơi vào tình cảnh “mắc kẹt” tại Việt Nam sau một loạt sự cố dở khóc dở cười, nơi anh gặp Thảo – một cô gái bán cà phê đầy đam mê, quyết tâm theo đuổi ước mơ của mình."
Trò Chơi Ảo Giác,https://moveek.com/phim/tron-ares,Science Fiction,10/10/2025,,,,"Jared Leto, Greta Lee, Evan Peters, Hasan Minhaj, Jodie Turner-Smith",Joachim Rønning,Không còn đường lùi. Tron: Ares dự kiến khởi chiếu 10.10.25.
Tee Yod 3: Quỷ Ăn Tạng,https://moveek.com/phim/tee-yod-3-quy-an-tang,"Action, Thriller, Horror",10/10/2025,,T18,,"Nadech Kugimiya, Denise Jelilcha Kapaun, Rattanawadee Wongtong, Nutthacha Padovan, Kajbhunditt Jaidee",Narit Yuvaboon,"When Yee is captured by a mysterious cult, Yak and his friends embark on a desperate journey to rescue her. Their path leads them to a cursed village shrouded in dark secrets, vengeful spirits, and ancient rituals. As the horror unfolds, survival turns into a battle against forces beyond their control. The deeper they venture, the darker it gets."
Animal Friends,https://moveek.com/phim/animal-friends,"Comedy, Adventure, Animation",10/10/2025,,,,"Ryan Reynolds, Jason Momoa, Vince Vaughn, Aubrey Plaza, Addison Rae",Peter Atencio,"Bước vào mùa lễ hội cuối năm, Warner Bros. Pictures tiếp tục mang đến một tựa phim hài thú vị khác, với màn “song kiếm hợp bích” của hai tài tử đình đám Ryan Reynolds và Jason Momoa. Animal Friends là bộ phim kết hợp giữa thể loại live-action và hoạt hình, kết hợp cả các yếu tố hành động, hứa hẹn mang đến một trải nghiệm đầy phấn khích cho khán giả tại rạp. Phim dự kiến khởi chiếu đầu tháng 10.2025."
Điện Thoại Đen 2,https://moveek.com/phim/black-phone-2,"Thriller, Horror",17/10/2025,,,,"Mason Thames, Madeleine McGraw, Ethan Hawke, Jeremy Davies, Demian Bichir",Scott Derrickson,"Một trong những phim kinh dị “gây ám ảnh” nhất thập kỷ quay trở lại. Phần phim đầu tiên từng gây ám ảnh vì khai thác nỗi sợ hãi rất thực tế: bắt cóc trẻ con. Điện Thoại Đen không chỉ có những cú hù dọa giật gân (jump scares), mà còn là hành trình đấu tranh sinh tồn của cậu bé Finney."
Cục Vàng Của Ngoại,https://moveek.com/phim/cuc-vang-cua-ngoai,"Drama, Family",24/10/2025,,,,,Khương Ngọc,Cục Vàng Của Ngoại là bộ phim tiếp theo của Khương Ngọc sau sự thành công của Chị Dâu
Mortal Kombat 2: Cuộc Chiến Sinh Tử,https://moveek.com/phim/mortal-kombat-2-cuoc-chien-sinh-tu,"Action, Adventure, Fantasy",24/10/2025,,,,"Karl Urban, Lewis Tan, Jessica McNamee, Mehcad Brooks, Ludi Lin",Simon McQuoid,"Và khép lại một năm đầy hứa hẹn của nhà Warner Bros. sẽ là Mortal Kombat 2, phần tiếp theo của Mortal Kombat năm 2021, dựa trên tựa game đối kháng nổi tiếng cùng tên. Dàn diễn viên của phần trước bao gồm các ngôi sao võ thuật như Lewis Tan, Jessica McNamee, Mehcad Brooks, Tadanobu Asano, Ludi Lin, Joe Taslim, Hiroyuki Sanada và Max Huang đều sẽ trở lại, cùng với sự bổ sung gương mặt mới Karl Urban trong vai Johnny Cage."
Nhà Ma Xó,https://moveek.com/phim/nha-ma-xo,Horror,24/10/2025,,,,"Quang Tuấn, Vân Trang, Huỳnh Đông, Lan Thy",Trương Dũng,"Có những nỗi sợ bắt nguồn từ chính điều ta yêu thương nhất. Có những căn nhà của người sống, nhưng vọng lên ký ức dai dẳng."
Phòng 4.13,https://moveek.com/phim/phong-4-13,,31/10/2025,,,,,Nguyễn Khắc Huy,"Phòng 4.13 khai máy vào 06.05.2025 với sự góp mặt của dàn diễn viên như Đoàn Thế Vinh, Trần Nghĩa, Huỳnh Phương, Mạc Văn Khoa."
"Năm Của Anh, Ngày Của Em",https://moveek.com/phim/nam-cua-anh-ngay-cua-em,"Romance, Fantasy",31/10/2025,,,,"Greg Hsu, Angela Yuen, Jack Tan, Stephen Tung Wai, Chan Fai-Hung",Benny Kung,"Measure in Love is set in the universe where a massive earthquake has divided the world into Aurora Zone and Evergreen Zone, and the “Wall of Gravity” standing in the middle of the sea distorts time and gravity differently on both sides. One day in Aurora Zone equals one year in Evergreen Zone. When Ann-Jean (Angela Yuen) from the Aurora Zone meets Tato (Hsu Kuang-Han) from the Evergreen Zone, can their love break through the irresistible fate of time differences?"
Chị Ngã Em Nâng,https://moveek.com/phim/chi-nga-em-nang,,31/10/2025,,,,"Hoài Linh, Lê Khánh",Vũ Thành Vinh,"Dự án điện ảnh Chị ngã em nâng dự kiến ra rạp vào tháng 10-2025. Bộ phim do đạo diễn Vũ Thành Vinh (phim Hai Muối) thực hiện, lấy cảm hứng từ câu chuyện của người vợ về tình chị em trong gia đình và phim đặt trong bối cảnh chính của ngành phẫu thuật thẩm mỹ."
Trái Tim Què Quặt,https://moveek.com/phim/trai-tim-que-quat,"Romance, Horror",07/11/2025,,,,"Quách Ngọc Ngoan, Nhật Linh",,"Dựa trên cuốn tiểu thuyết nổi tiếng của Pháp, bộ phim tình cảm Việt mang theo nỗi đau đẹp nhất và cũng sâu nhất của những kẻ yêu thật lòng."
Truy Tìm Long Diên Hương,https://moveek.com/phim/truy-tim-long-dien-huong,"Action, Adventure",07/11/2025,,,,,,"Truy Tìm Long Diên Hương là một bộ phim đột phá của điện ảnh Việt với thể loại hành động, phiêu lưu."
Wicked 2: For Good,https://moveek.com/phim/wicked-2-for-good,"Romance, Drama, Fantasy",21/11/2025,,,,"Cynthia Erivo, Ariana Grande, Jonathan Bailey, Michelle Yeoh, Jeff Goldblum",Jon M. Chu,"Wicked: Phần 2 tiếp nối các diễn biến của phần phim đầu, tập trung vào hậu quả của những lựa chọn mà các nhân vật đã thực hiện. Sau khi Elphaba (Cynthia Erivo) thách thức quyền lực của Phù thủy xứ Oz, cô bị gán mác là ""Phù thủy độc ác phương Tây"". Trong khi đó, Glinda (Ariana Grande) trở thành biểu tượng của cái thiện. Cái chết của Nessarose, em gái của Elphaba khiến Elphaba và Glinda đối đầu, đặc biệt khi Glinda trao đôi giày bạc của Nessarose cho Dorothy. Đạo diễn Jon M. Chu cho biết phần hai sẽ khám phá sâu hơn về hậu quả của các lựa chọn, với tông màu tối hơn và cảm xúc phức tạp hơn so với phần đầu."
Zootopia: Phi Vụ Động Trời 2,https://moveek.com/phim/zootopia-2,"Comedy, Animation, Family",28/11/2025,,,,"Ginnifer Goodwin, Jason Bateman, Ke Huy Quan, Fortune Feimster, Idris Elba",Jared Bush,"Cô cảnh sát thỏ dũng cảm Judy Hopps và người bạn cáo Nick Wilde quay trở lại hợp tác để phá một vụ án mới, vụ án nguy hiểm và phức tạp nhất trong sự nghiệp của họ."
Con Kể Ba Nghe,https://moveek.com/phim/con-ke-ba-nghe,"Drama, Family",28/11/2025,,,,,Đỗ Quốc Trung,
Heo Năm Móng,https://moveek.com/phim/heo-nam-mong,Horror,01/12/2025,,,,,,"Từ nhà sản xuất của Quỷ Cẩu và Linh Miêu, Heo Năm Móng là bộ phim kinh dị nằm trong vũ trũ linh dị. Heo Năm Móng là câu chuyện về loài vật xuất hiện trong văn hoá dân gian của người Khmer."
Năm Đêm Kinh Hoàng 2,https://moveek.com/phim/five-nights-at-freddys-2,"Thriller, Horror",05/12/2025,,,,"Josh Hutcherson, Matthew Lillard, Elizabeth Lail, Piper Rubio, Mckenna Grace",Emma Tammi,"Phiên bản chuyển thể từ game Five Nights at Freddy’s gặt hái thành tích phòng vé đáng nể khi ra mắt năm 2023. Xác định rõ tệp khách hàng là fan trung thành của game, không phải khán giả đại chúng, Năm Đêm Kinh Hoàng không cố gắng để trở thành một bộ phim kinh dị độc lập xuất sắc. Bộ phim hướng đến cộng đồng chơi game, tưởng thưởng lòng trung thành của họ, dựa vào truyền thuyết và xây dựng một phiên bản điện ảnh chiều fan. Năm Đêm Kinh Hoàng 2 sẽ mang đến câu chuyện càng thêm u ám, các con rối máy càng nguy hiểm và bầu không khí rùng rợn được đẩy lên cấp độ mới."
Hoàng Tử Quỷ,https://moveek.com/phim/hoang-tu-quy,Horror,05/12/2025,,,,,Trần Hữu Tấn,"Hoàng Tử Quỷ lấy nguyên tác từ tiểu thuyết kinh dị nổi tiếng mang tên Lý Triều Dị Truyện của tác giả Phan Cuồng. Tác phẩm của Phan Cuồng đã để lại dấu ấn trong lòng độc giả nhờ khai thác các chất liệu lịch sử Việt Nam. Dự án hứa hẹn đưa khán giả vào một hành trình kỳ bí đầy lôi cuốn, nơi những bí mật hoàng cung, quyền lực và bóng tối đan xen, đồng thời đánh dấu sự trở lại đầy tham vọng của đạo diễn Trần Hữu Tấn và nhà sản xuất Hoàng Quân ở thể loại kinh dị cổ trang."
Nhà Ma Yeong Deok,https://moveek.com/phim/yeong-deok-haunted-house,Horror,05/12/2025,,,,,,"Nhà Ma Yeong Deok là bộ phim kinh dị kết hợp Việt Hàn, từ đạo diễn phim Ma Da."
Avatar 3: Lửa Và Tro Tàn,https://moveek.com/phim/avatar-3,"Action, Drama, Adventure, Fantasy, Science Fiction",19/12/2025,,,,"Sam Worthington, Zoe Saldana, Stephen Lang, Sigourney Weaver, Oona Chaplin",James Cameron,Avatar: Fire and Ash (Avatar 3: Lửa Và Tro Tàn) ra mắt 19.12.2025
Thai Chiêu Tài,https://moveek.com/phim/thai-chieu-tai,Horror,26/12/2025,,,,,Trần Nhân Kiên,"Quỷ Tha Ma Bắt mở màn cho chuỗi phim kinh dị mới Asian Horror Stories đến từ 1990 Studio và đạo diễn Trần Nhân Kiên – không dọa bằng bóng ma, mà khiến bạn rợn gáy từ những niềm tin, hủ tục, kiêng kỵ đã từng tồn tại giữa chúng ta. Mở màn cho series là Thai Chiêu Tài – một câu chuyện rùng rợn dựa trên truyền thuyết dân gian và những nghi lễ tâm linh đậm chất Á Đông."
Thư Tình Gửi Ma Sơ,https://moveek.com/phim/thu-tinh-gui-ma-so,Romance,26/12/2025,,,,,Lê Thiện Viễn,Thư Tình Gửi Ma Sơ là dự án điện ảnh sẽ ra mắt vào 2025
Ai Thương Ai Mến,https://moveek.com/phim/ai-thuong-ai-men,,26/12/2025,,,,,,Ai Thương Ai Mến dự án điện ảnh mới của đạo diễn Thu Trang sau thành công Nụ Hôn Bạc Tỷ. Bộ phim đang trong vòng casting call.
Tuyển Thủ Dê: Mùi Vị Chiến Thắng,https://moveek.com/phim/tuyen-thu-de-mui-vi-chien-thang,"Comedy, Animation, Family",13/02/2026,,,,"Caleb McLaughlin, Gabrielle Union, Jenifer Lewis, David Harbour, Nick Kroll",Tyree Dillihay,"Trong một thế giới của những loài thú siêu đẳng, một chú dê nhỏ bất ngờ được trao cơ hội góp mặt trong đội tuyển Roarball chuyên nghiệp, với một mục tiêu: thay đổi cả cuộc chơi. Không ai tin một chú dê nhỏ bé có thể sống sót giữa sân chơi của những quái thú. Nhưng Will không đến để sống sót, cậu đến để tỏa sáng."
Cháu Ông Nội Tội Ông Ba,https://moveek.com/phim/chau-ong-noi-toi-ong-ba,,17/02/2026,,,,,Lê Thanh Sơn,"Cháu Ông Nội Tội Ông Ba - bộ phim dự kiến ra rạp dịp Tết 2026 của đạo diễn Lê Thanh Sơn (Móng Vuốt, Em Chưa 18)."
Mùi Phở,https://moveek.com/phim/mui-pho,,17/02/2026,,,,,,Một bộ phim điện ảnh dịp Tết Nguyên Đán 2026 - MÙI PHỞ
Chàng Mèo Mang Mũ,https://moveek.com/phim/chang-meo-mang-mu,"Comedy, Animation, Family, Fantasy",27/02/2026,,,,"Bill Hader, Xochitl Gomez, Quinta Brunson, Bowen Yang, Matt Berry","Erica Rivinoja, Alessandro Carloni",The Cat takes on his toughest assignment yet… to cheer a pair of siblings struggling with their move to a new town.
Cảm Ơn Người Đã Thức Cùng Tôi,https://moveek.com/phim/cam-on-nguoi-da-thuc-cung-toi,,27/02/2026,,,,,Chung Chí Công,"A Little Dream Of Me (Cảm Ơn Người Đã Thức Cùng Tôi) là bộ phim tiếp theo của đạo diễn Chung Chí Công - sau tác phẩm Trời Sáng Rồi, Ta Dậy Đi Thôi."
Quỷ Nhập Tràng 2,https://moveek.com/phim/quy-nhap-trang-2,Horror,06/03/2026,,,,,,"Theo tiết lộ của nhà sản xuất công ty AMF, phần 2 phim Quỷ nhập tràng dự kiến sẽ quy tự dàn diễn viên đình đám của phần 1 cùng với dàn cast mới của phần 2 làm nên cốt truyện kịch tính đầy mới lạ ở phim Quỷ nhập tràng phiên bản 2026."
Thoát Khỏi Tận Thế,https://moveek.com/phim/thoat-khoi-tan-the,"Drama, Adventure, Science Fiction",20/03/2026,166 phút,,,"Ryan Gosling, Sandra Hüller, Milana Vayntrub, Isla McRae, Bastian Antonio Fuentes","Phil Lord, Christopher Miller","Chỉ là một thầy giáo cấp hai bị ném vào vũ trụ và Ryan Gosling là hy vọng cuối cùng của nhân loại. Bộ phim khoa học viễn tưởng Thoát Khỏi Tận Thế đậm chất nhân văn, dựa trên tiểu thuyết bán chạy New York Times của Andy Weir (The Martian)."
Cú Nhảy Kỳ Diệu,https://moveek.com/phim/cu-nhay-ky-dieu,"Comedy, Animation, Family, Science Fiction",27/03/2026,,,,"Piper Curda, Bobby Moynihan, Jon Hamm, Demetri Martin",Daniel Chong,"Nó tưng tửng mà nó dễ thương thiệt sự luôn. Ai từng mê nét hài của ba anh gấu trong We Bare Bears thì chuẩn bị tinh thần nha, Hoppers là cả một… rừng thú tấu hài, từ cùng đạo diễn đứng sau loạt phim gấu đó. Hoppers (Cú Nhảy Kỳ Diệu) dự kiến ra rạp vào tháng 3 năm 2026"
Song Hỷ Lâm Nguy,https://moveek.com/phim/song-hy-lam-nguy,,27/03/2026,,,,"MisThy, Dustin Nguyễn, Đinh Y Nhung, Jun Vũ",,Song Hỷ Lâm Nguy phim Việt Nam dự kiến ra rạp 2026
Giải Cứu,https://moveek.com/phim/giai-cuu,Drama,24/04/2026,,,,,Nhất Trung,"Giải Cứu là bộ phim của đạo diễn Nhất Trung thực hiện, nói về chủ đề nóng nạn buôn bán người lao động qua Campuchia."
Toy Story 5,https://moveek.com/phim/toy-story-5,"Comedy, Adventure, Animation, Family",19/06/2026,,,,"Tom Hanks, Tim Allen, Joan Cusack, Wallace Shawn, Tony Hale",Andrew Stanton,"Phần 5 mang chủ đề thời đại không kém. Theo đạo diễn Andrew Stanton, Woody, Buzz và đồng bọn sẽ phải tìm cách thích nghi với thời đại của “những đứa trẻ Ipad”."
Hộ Linh Tráng Sĩ: Bí Ẩn Mộ Vua Đinh,https://moveek.com/phim/ho-linh-trang-si-bi-an-mo-vua-dinh,History,26/06/2026,,,,,,"Hộ Linh Tráng Sĩ: Bí Ẩn Mộ Vua Đinh lấy bối cảnh sau khi Vua Đinh Tiên Hoàng băng hà vì bị sát hại. Một nhóm 7 tráng sĩ đã nhận được sứ mệnh đó là chạy đua với thời gian, đối đầu với các thế lực thù địch, đưa 100 quan tài của Vua đi theo 7 hướng khác nhau, đánh lừa kẻ thù nhằm đảm bảo bí mật để lăng mộ nhà Vua không bị phá hoại. Dự kiến ra rạp quý 2 năm 2026"
Trại Buôn Người,https://moveek.com/phim/trai-buon-nguoi,Drama,26/06/2026,,,,,,"Trại Buôn Người dựa trên câu chuyện có thật về nạn buôn người và cuộc vượt ngục tại Tịnh Biên năm 2022. Dự kiến ra mắt năm 2026, chưa rõ ngày."
The Odyssey,https://moveek.com/phim/the-odyssey,"Drama, Adventure, Fantasy",17/07/2026,,,,"Matt Damon, Tom Holland, Zendaya, Anne Hathaway, Lupita Nyong'o",Christopher Nolan,"Theo chân Odysseus trong hành trình trở về nhà sau cuộc chiến thành Troy, tràn ngập thử thách như cuộc chạm trán của ông với Polyphemus, các nàng tiên cá, Circe và kết thúc bằng cuộc đoàn tụ với vợ mình, Penelope."
Spider-Man 4: Brand New Day,https://moveek.com/phim/spider-man-4-brand-new-day,Science Fiction,31/07/2026,,,,"Tom Holland, Zendaya, Sadie Sink",Destin Daniel Cretton,"The next installment of the MCU Spider-Man franchise: a sequel to ""Spider-Man: No Way Home""."
Ma Da 2,https://moveek.com/phim/ma-da-2-1,Horror,02/09/2026,,,,,,
Dune: Part Three,https://moveek.com/phim/dune-part-three,"Adventure, Science Fiction",18/12/2026,,,,"Timothee Chalamet, Florence Pugh, Anya Taylor-Joy, Zendaya, Jason Momoa",Denis Villeneuve,"The third installment in the Dune franchise, based on the second novel in the series, Dune: Messiah. Details TBA."
Nhà Mình Thôi Đi,https://moveek.com/phim/nha-minh-thoi-di,"Drama, Family",31/12/2026,,,,"Hồng Vân, Huỳnh Uyển Ân, NSND Kim Xuân, Hoàng Sơn",Trần Đình Hiền,"Nhà Mình Thôi Đi! là tác phẩm điện ảnh thuộc đề tài gia đình, được chỉ đạo bởi đạo diễn Trần Đình Hiền. Vừa qua, đoàn phim đã có buổi khai máy tại Hội An, Đà Nẵng. Theo thông tin, nội dung phim sẽ xoay quanh một ""gameshow gia đình"" - nơi phơi bày tổn thương âm ỉ giữa những người ruột thịt."
Frozen 3,https://moveek.com/phim/frozen-3,"Comedy, Adventure, Animation, Family, Fantasy",26/11/2027,,,,"Idina Menzel, Kristen Bell, Josh Gad, Jonathan Groff",,"Disney đã bật đèn xanh cho Frozen 3. D23 cũng đã trình chiếu một đoạn teaser của phần phim mới cho thấy hai chị em Elsa và Anna đang cùng nhau cưỡi ngựa đi trên một con đường xa lạ. Đằng sau Anna là Olaf. Ở góc hình, một hình bóng lạ mặt bám theo sau."
Avatar 4,https://moveek.com/phim/avatar-4,"Action, Adventure, Fantasy, Science Fiction",21/12/2029,,,,"Zoe Saldana, Sam Worthington, Stephen Lang, Sigourney Weaver, Oona Chaplin",James Cameron,Plot unknown.
Avatar 5,https://moveek.com/phim/avatar-5,"Action, Adventure, Fantasy, Science Fiction",19/12/2031,100 phút,,,"Sam Worthington, Zoe Saldana, Sigourney Weaver, Oona Chaplin, Giovanni Ribisi",James Cameron,Chưa có nội dung
