film,user,score,content
Mang Mẹ Đi Bỏ,Pham Thi Kieu Loan,9,"Hay nhé , chạm được đến cảm xuacs của mình và hầu hết mn trong rạp"
Mang Mẹ Đi Bỏ,Nguyễn Thị Mỹ Lệ,10,Rất hay cảm động và ý nghĩa
Mang Mẹ Đi Bỏ,NGUYỄN LÝ MINH TUẤN,7,"Tổng thể thì khá ổn tuy nhiên đoạn Lê Thị Hạnh khi trẻ không ổn cho lắm, khả năng truyền tải cảm xúc của bạn chưa đủ chạm đến trái tim tôi"
Mang Mẹ Đi Bỏ,Thao,8,Phim ko dở cũng ko gọi là quá hay. Kết thúc câu chuyện ko hay. Đang có cảm xúc là 2 mẹ con sẽ gặp lại và ôm nhau khóc nhưng chỉ là đứng từ xa nhìn nhau. Trong cốt truyện thấy vai của Tuấn Trần nhận là một người con cho dù vẫn đang bệnh động kính trong người nhưng vẫn rất có hiếu với mẹ. Có đôi lúc suy nghĩ lệch lạc mang mẹ bỏ vào chùa nhưng nước mắt vẫn rơi....
Mang Mẹ Đi Bỏ,caolinhchi7112,10,"mình thấy xúc động, đặt cảm nhận vào nv, vào csong ấy thì mình cgiac hiểu dc, xem mà mình khóc rất nhiều. Phim lắng đọng, diễn xuất của TT và cô HĐ cực có chiều sâu, xem diễn xuất th mà đã rưng rưng khóc dc r ấy.. k quá cao trào nhưng vx là 1 bộ phim hay, nên xem, đáng xem, đáng suy ngẫm về gđinh, về mẹ."
Mang Mẹ Đi Bỏ,Nguyễn Thị Hồng Thương,10,Phim rất hay ạaaa
Mang Mẹ Đi Bỏ,anan681,9,"Trừ 1 số đoạn dựng phim hơi thiếu tinh tế trong cách chuyển cảnh thì đây là 1 bộ phim ổn, đáng xem, có đầu tư chỉn chu và đầy tâm huyết. Cái kết phim vô cùng trọn vẹn. Lời thoại của Hoan khúc cuối thật sự rất ""chạm"". Phải đủ yêu thương và lòng vị tha đến mấy, con người ta mới có 1 quyết định như thế trong cuộc đời (dù cuộc đời của người ta cũng đã quá đủ nghiệt ngã và cay đắng rồi). Tuấn Trần và cô Hồng Đào đã có 1 bộ phim với diễn xuất vô cùng thăng hoa trong sự nghiệp. 2 ngôi sao Hàn Quốc là điểm nhấn thú vị, tươi sáng và cũng nhiều thi vị trong phim."
Mang Mẹ Đi Bỏ,Lâm Tiểu My,10,"Phim ổn, xúc động lắm luôn"
Mang Mẹ Đi Bỏ,Trinh Phan Hoài Nhơn,10,"Phim hay , cảm động , nên xem ."
Conan Movie 28: Dư Ảnh Của Độc Nhãn,Thoa,7,"Theo tui, tui chỉ thích những suy luận nhìu. Hoac tổ chức áo đen. Phần này k suy luận nhìu. Lồng tiếng vui vẻ. Rõ ràng. Lúc đầu coi hơi rối nhân vật xíu nếu k tập trung. Tuy nghiên về mori xíu nhưng vẫn cần sự suy luận qua mail của sinichi conan. Theo tui tạm được"
Conan Movie 28: Dư Ảnh Của Độc Nhãn,Võ Lâm Như Ý,4,"Phòng chiếu phim (rạp Beta) như nhà xát z á. Huhu bạn mình cảm luôn á. Ghế ngồi siêu khó chịu luôn, mình không biết là có chổ chinbr kjoong nhưng mà mình ngồi ghế nó thẳng tưng làm mình đau cổ lắm luôn. Còn phim thì quá oke , phim siu hay."
Conan Movie 28: Dư Ảnh Của Độc Nhãn,Hồng Phấn,10,conan mãi đỉnh trong lòng mình. Phân đoạn nào của bác Mori trong phim cũng ngầu nhưng tiếc là quá ít🥲
Conan Movie 28: Dư Ảnh Của Độc Nhãn,Hoahonggai05,9,"tốt, kịch bản vắt sữa nên xem cảm thấy giống các movie trước"
Conan Movie 28: Dư Ảnh Của Độc Nhãn,Đỗ Gia Hân,10,"Phim sinh động , hấp dẫn, cuống hút người xem"
Conan Movie 28: Dư Ảnh Của Độc Nhãn,Trần Lê Phương Vy,10,"Trời ơi phim hay vãiiii íiiiii, có lẽ sẽ đi cày lại á, phim đủ wow lắm luôn, ae nên xem nháaaaa"
Conan Movie 28: Dư Ảnh Của Độc Nhãn,Hoàng Linh,10,phim hay vcl tôi đã thsu bị giật mình ở phát súng đầu tiên
Conan Movie 28: Dư Ảnh Của Độc Nhãn,NGUYÊN KIM NGÂN,10,LOA TO LÀM TUI HƠI BỊ GIẬT MIK NHƯNG MỘT LÚC SAU THÌ QUEN RÙI
Conan Movie 28: Dư Ảnh Của Độc Nhãn,Cao Gia Bảo,10,Máy chiếu bị mờ
Conan Movie 28: Dư Ảnh Của Độc Nhãn,Lê Thùy Linh,8,Phim rất hay
Conan Movie 28: Dư Ảnh Của Độc Nhãn,Suquocbao,10,Phim quá hay có thể nói là movie hay nhất trong 28 movie tôi đã từng xem
Conan Movie 28: Dư Ảnh Của Độc Nhãn,nhi nhi,10,"trời ơi quá tuyệt vời luôn ấyyyyyy, nhạc phim hay nữa ạ, nói chung e thấy 10/10✨✨✨"
Conan Movie 28: Dư Ảnh Của Độc Nhãn,Nguyễn Quang Duy,6,"nội dung nhạt nhoà dễ đoán, tuyến nhân vật lộn xộn"
Conan Movie 28: Dư Ảnh Của Độc Nhãn,Lương Thị Hạnh Hiếu,10,Hay nhaaaa
Conan Movie 28: Dư Ảnh Của Độc Nhãn,Quản Thế Vinh,10,10 điểm vì có ny đi cùng
Conan Movie 28: Dư Ảnh Của Độc Nhãn,Nguyễn Hoàng Phương Linh,10,"Combat hay, combat gánh nội dung, nội dung hơi kỳ, combat hơi ảo nhưng gay cấn nên vẫn tạm được. Nội dung vừa dài dòng vừa đau đầu, lôi F5 cảnh sát ra làm cameo (rei+hiro) để vắt sữa + lôi kéo người xem chứ chả có xuất hiện gì mấy. Bù lại, animation và đồ hoạ rất tốt, Takaaki và Mori chiếm spotlight, Conan thì vẫn phải quá ảo như ngày thường. Hơn nữa, tình tiết tình cảm của hai người Yui và Kansuke không bằng một tí cốt truyện của Takaaki, nói chung Takaaki chiếm spot, Hiro có xuất hiện làm cameo, after credit dài và hay, đáng để ở lại xem. Tuy nhiên thì nội dung phim quá ảo, quá đề cao thể lực và giới hạn của con người đồng thời hạ thấp IQ người xem, nhưng dù sao Conan có sạn cũng không phải ngày một ngày hai, thôi thì hay hơn movie 26 cũng đã rất tốt rồi. Movie 28 không tiếp tục vắt sữa bộ ba Nagano mà quay sang con đường quen thuộc là vắt sữa F5 hoa anh đào, dự kiến là có Chihaya và Matsuda lẫn anh bạn Kenji, mong là cho tí đất diễn thực sự đi chứ đừng có cameo vắt sữa như Amuro đợt này. Có một nhân vật mới xuất hiện nhưng tổn thời lượng lên hình rất ít, đẹp trai nhưng được cái vô dụng, ngầu thì cũng ngầu mà được cái chả làm được gì. Đánh giá công tâm thì phim khoảng 5/10, cho lên 7/10 vì animation, combat, nhan sắc của Takaaki và Hasebe lẫn pha bắn súng của Mori, đánh giá 10 sao so với movie 26."
Conan Movie 28: Dư Ảnh Của Độc Nhãn,Trần Thị Ngọc Ngân,10,"Cực kì suất sắc và mảng nhãn người coi , bộ phim mình tăm đắc nhất"
Conan Movie 28: Dư Ảnh Của Độc Nhãn,Nguyễn Trần Tiến,10,Phim quá hay kịch tính và suy đoán của Mori rất chính xác và bắn súng giỏi
Conan Movie 28: Dư Ảnh Của Độc Nhãn,Trần Nguyên Khánh,9,video không full HD lắm
Conan Movie 28: Dư Ảnh Của Độc Nhãn,Voanhkhoa,10,"Phim rất hay ạ. Xem phim em không ngừng cảm thán về nội dung, chất lượng hình ảnh và diễn viên lồng tiếng ạ. Phải nói là bộ phim này rất được mọi người săn đón ạ. Chúc phim sẽ được nhận được sự quan tâm của mọi người ạ. Cảm ơn phim và nhân viên của rạp đã cho em biết phim hay như thế ạ❤️"
Conan Movie 28: Dư Ảnh Của Độc Nhãn,Lê Thành Thông,10,không có chỗ chê
Conan Movie 28: Dư Ảnh Của Độc Nhãn,Trịnh Yến Nhi,10,bị mê huhu
Conan Movie 28: Dư Ảnh Của Độc Nhãn,Trần Anh Hưng,8,phim khá là hay nhưng hơi loằn ngoằn và rắc rối ở các tỉnh thành và tên các nhân vật ở nagato hơi lạ . Nên sáng tạo hơn ở movie sau và nên tạo nhiều movie liên quan tới tổ chức áo đen sẽ hay hơn
Conan Movie 28: Dư Ảnh Của Độc Nhãn,Nông Thị Yến Nhi,10,hay zữuuuu
Conan Movie 28: Dư Ảnh Của Độc Nhãn,Đinh Nguyễn Hồng Phúc,10,Phim hay nha! Siêu cuốn
Conan Movie 28: Dư Ảnh Của Độc Nhãn,Đinh Văn Quý,10,Hài lòng hài hước
Conan Movie 28: Dư Ảnh Của Độc Nhãn,Bùi thị hà my,10,Phim quá hay
Conan Movie 28: Dư Ảnh Của Độc Nhãn,Trần Thị Tuyết Mai,10,Đỉnh nóc kịch trần luôn trời ơii nó hay không có từ nào để tả
Conan Movie 28: Dư Ảnh Của Độc Nhãn,Đinh Nguyễn Trà My,6,"Thoại dài dòng, buồn ngủ. Đc mỗi pha cuối =))"
Conan Movie 28: Dư Ảnh Của Độc Nhãn,Lý Minh Triết,4,Phim coi rất hay nhưng lần này đi coi không được tặng phần quà nào hết. Nên chỉ cho 4 sao
Conan Movie 28: Dư Ảnh Của Độc Nhãn,TruongBaoThy,10,chất lượng tuyệt vời
Conan Movie 28: Dư Ảnh Của Độc Nhãn,Đỗ Lê Thu Hiền,10,Phim rất hay chia cảnh đều cho các nhân vật.Movie này làm nổi bật lên các nhân vật phụ nhiều để cho người xem ko thấy chán vì chỉ xoay quanh nv9 phá án ko. Phim các cảnh đều rất đẹp rất mượt
Conan Movie 28: Dư Ảnh Của Độc Nhãn,Đặng Minh Sang,7,"cốt chuyện chưa được logic
hoặc phần dịch thuật có vấn đề"
Conan Movie 28: Dư Ảnh Của Độc Nhãn,Mai Quốc Khánh,10,"để đánh giá dc thì phải cần cả 1 quá trình,trình là gì mà là trình ai chấm"
Conan Movie 28: Dư Ảnh Của Độc Nhãn,Võ Như Ý,10,good happy
Conan Movie 28: Dư Ảnh Của Độc Nhãn,Bùi Đăng Khôi,10,"Đồ hoạ sắc nét chi tiết chỉnh chu, đặc biệt là âm thanh và lồng tiếng rất là bắt tai người nghe"
Conan Movie 28: Dư Ảnh Của Độc Nhãn,Hoàng Khánh Linh,10,"Hay, chấm 100 điểm"
Conan Movie 28: Dư Ảnh Của Độc Nhãn,euiju,10,Dư Ảnh Của Độc Nhãn xuất sắc
Conan Movie 28: Dư Ảnh Của Độc Nhãn,VO VAN DU,10,"Quá xuất sắc, cảm xúc trọn vẹn."
Conan Movie 28: Dư Ảnh Của Độc Nhãn,Phạm Thị Thanh Xuân,10,Tập này bác Mori thiệt là ngầu
Conan Movie 28: Dư Ảnh Của Độc Nhãn,Nguyễn Thị Như Ý,8,"Phim giữ vững phong độ về đồ họa, có những khoảnh khắc đáng yêu và hài hước. Song, phần lớn bộ phim còn dàn trải. Nhiều tình tiết hành động nhưng cũng vì vậy khiến mạch truyện trở nhanh hơn để, nhanh đến mức tôi tưởng mình là vịt luôn. Các nhân vật xuất hiện nhiều nhưng không đủ nổi bật. Thiếu đi cảm giác được suy luận và dẫn dắt suy luận như các tập truyện đầu."
Conan Movie 28: Dư Ảnh Của Độc Nhãn,Ngô Văn Trường An,8,Làm tôi giật mình mấy lần
Conan Movie 28: Dư Ảnh Của Độc Nhãn,trần xuân hoàng,10,Rất Hay đâh là 1 bộ phim bất cứ giá nào cũng phải ik xem
Conan Movie 28: Dư Ảnh Của Độc Nhãn,thuyduong011891,9,"Hay, nhiều tình tiết hơi ảo. Không thực tế"
Conan Movie 28: Dư Ảnh Của Độc Nhãn,MeatFrog,10,"siêu siêu hay!!!!
từ đồ hoạ tới nhạc phim, cốt truyện xây dựng rất tốt"
Conan Movie 28: Dư Ảnh Của Độc Nhãn,Phạm Tùng Lâm,9,Hay nma độ hấp dẫn ko bằng 3 movie gần đây
Conan Movie 28: Dư Ảnh Của Độc Nhãn,Hoàng Minh Thông,7,Bình thường
Conan Movie 28: Dư Ảnh Của Độc Nhãn,Trần Thị Hồng Nhung,9,"Phim hay, âm thanh sống động, nội dung phim hấp dẫn, nhiều tình tiết gây cười, xúc động"
Conan Movie 28: Dư Ảnh Của Độc Nhãn,Lê Quỳnh Anh,9,"Conan mãi đỉnh
Eo ôi cái đoạn kết rei đẹp trai quá 🥰"
Conan Movie 28: Dư Ảnh Của Độc Nhãn,Nguyễn Thị Thảo Như,10,phim hay 10/10 tuyệt vời
Conan Movie 28: Dư Ảnh Của Độc Nhãn,Trương Hoàng Phụng,10,Tuyệt đỉnh thượng hạng🫶💗
Bộ Tứ Siêu Đẳng: Bước Đi Đầu Tiên,Vu Thai Binh,9,Phim xem được
Bộ Tứ Siêu Đẳng: Bước Đi Đầu Tiên,diepnguyentam,8,"Một bộ phim tốt, không hẳn là xuất sắc nhưng là một phim tốt. Tôi thích cái cách mà mọi người trong phim này (ý tôi là mọi người trên Trái Đất trong cái phim này) cùng nhau cố gắng để bảo vệ hành tinh của họ trước ngày nó bị tận diệt, mọi người, mọi chính phủ đều nỗ lực chứ không chỉ trông đợi vào sự cố gắng của một vài cá nhân siêu anh hùng."
Bộ Tứ Siêu Đẳng: Bước Đi Đầu Tiên,Võ Tuấn Anh,7,"Tôi thấy thiếu những pha chạm tránh kịch tính, gây cấn, sức mạnh quá khác biệt giữa 2 bên"
Bộ Tứ Siêu Đẳng: Bước Đi Đầu Tiên,877524312583158,10,Bộ phim quá hãy luôn
Phim Xì Trum,Lê Thu,7,"Phim thông điệp khá hay, hình ảnh đẹp. Tuy nhiên khó gây tiếng cười và hứng thú cho trẻ nhỏ dưới 8 tuổi"
Phim Xì Trum,tinnguyen223,10,"Phim hay, nhạc phim hay, tình tiết đan xen yếu tố hiện đại gen Z bây giờ khá mượt"
Mùa Hè Kinh Hãi,ericxu,6,"Ờm girl, WTF?????

Kiểu khúc đầu đang cuốn cái khúc sau kiểu 3 chấm kinh luôn á.... nhưng kệ, có mấy anh trai đẹp với mấy bà les xinh nên tạm cho qua trung bình hehe."
Mùa Hè Kinh Hãi,ducpham2301,10,Nên xem nha
Ma Xưởng Mía,KimNgan083,9,"Hù gì mà cho biết trước không vậy, không sợ nổi luôn. Cốt truyện thì cũng tàm tạm, có vài đoạn hơi xàm, như con quỷ kêu gọi 1 bầy quỷ t tưởng sẽ đánh nhau, nhưng không, mấy con đó đi ăn than với thuỷ tinh, mấy con quỷ chết cháy hơi vô dụng, tạo hình và hành động của satan rất đơ. Hơi thất vọng với bộ này. Cái tốt duy nhất chỉ có phần âm thanh"
Ma Xưởng Mía,Trần Thanh Lộc,5,Phim dài dòng cốt truyện tuy dễ hiểu nhưng bố cục không rõ rành cho lắm
Ma Xưởng Mía,Phan Trung Nghĩa,9,"Phim rất hay và hài nữa, hù thì rất nhiều:)"
Ma Xưởng Mía,Kapevole,10,"Khá hài lòng, jump-scare sáng tạo, đánh vào thính giác lẫn thị giác khiến cả rạp phải giật nảy mình. Pha vào đó là một chút hài hước để cân bằng bầu không khí khiến cho mọi người không nhịn được cười.
Bộ phim cũng đem lại nhiều thông điệp như đừng sống lỗi với người khác cũng như có thờ có thiêng có kiêng có lành khiến cho ta phải cân nhắc đâu mới là lựa chọn đúng đắn.
Tổng kết lại là phim rất phù hợp để có một buổi tối vui vẻ bên người thân và bạn bè."
Ma Xưởng Mía,ericxu,4,"Tính ra phim xem giải trí thì cũng tạm, chứ phim vẫn bị dài dòng á. Mà kệ, dù sao thì phim cũng khá hơn mấy phim trước của đạo diễn này rồi hehe"
Superman (2025),Phạm Lan Nhi,10,"Nice and funny, enjoyed every moment of it, 9.5/10 I don't mind rewatching it."
Superman (2025),Truongnx205,6,Phim dành cho trẻ con!
Superman (2025),tinnguyen223,10,"Cốt truyện sâu sắc, có sự liên kết giữa các nội dung, kỉ xảo đầu tư"
Superman (2025),Trần Huy Nam,8,"James Gun hoàn thành tốt vai trò các nhân vật, đặc biệt Là Lex, phản diện diễn xuất tốt, xuất sắc thì chưa còn hay thì chắc chắn, đón chờ phần 2"
Superman (2025),Leo86,9,"Phim xem ko nhạt nhẽo đâu nhé dù ko có gì mới mẻ. Nhưng nội dung và cách xây dựng khá ổn, kỹ xảo đẹp mắt, tình tiết pha chút hài hước nhẹ nhàng ko bị khiên cưỡng nhàm như Marvel gần đây, xứng đáng phim đạt chất lượng"
Superman (2025),Trương Hoài Nhân,9,"Phim ổn, đã thoát khỏi cái bóng của phim trước, mặc dù vẫn còn nhiều tình tiết mâu thuẫn"
Superman (2025),duchii3003,9,"Với Superman (2025), James Gunn đã chứng minh rằng ông không chỉ là bậc thầy của những câu chuyện mới mẻ, mà còn là người thấu hiểu sâu sắc bản chất của một biểu tượng siêu anh hùng. Bộ phim không đơn thuần là màn tái khởi động cho Superman, mà là lời tuyên bố chắc chắn về tầm nhìn dài hạn và định hướng cảm xúc của toàn bộ vũ trụ DC dưới bàn tay đạo diễn này cũng như cương vị CEO của ông

Không còn là cuộc phô trương kỹ xảo hay hành động đơn thuần, Superman lựa chọn một cấu trúc kể chuyện có điểm chạm cởi mở, nơi từng nhân vật đều có trọng lượng và lý do tồn tại. James Gunn cho thấy sự tinh tế trong cách ông sắp đặt không gian cho từng tuyến nhân vật phát triển, tránh hoàn toàn cảm giác rối rắm thường gặp ở các phim ensemble cast.

David Corenswet thể hiện một Superman đúng như hình dung của thời đại hiện nay: mạnh mẽ nhưng không xa cách, gần gũi mà không tầm thường. Với chiều cao, thể hình và thần thái mang đậm chất ""người hùng"", Corenswet không chỉ “đủ chuẩn” về ngoại hình mà còn sở hữu khả năng biểu cảm thuyết phục - từ ánh mắt nhân hậu cho đến sự dằn vặt nội tâm. Không phải một vị thần phán xét, Superman trong tay Corenswet là biểu tượng của hy vọng và lòng bao dung - một người chiến đấu để cứu người, không phải để trừng phạt.

Phiên bản Lex Luthor của Nicholas Hoult là điểm sáng đáng kể của bộ phim. Không ồn ào, không cần những tuyên ngôn lớn tiếng, nhân vật được xây dựng theo hướng tối giản nhưng sắc lạnh. Luthor của Nick là hiện thân của sự nguy hiểm có tính toán - một thiên tài không chỉ tàn nhẫn mà còn luôn đi trước người khác vài bước. Từ bắt cóc, tra tấn, cho đến các màn thao túng dư luận, từng hành động đều phản ánh một bộ óc vận hành như cỗ máy lạnh lẽo. Đáng sợ ở đây không phải sức mạnh vật lý, mà là khả năng đọc vị con người - đặc biệt là Superman - như một cuốn sách mở.

Điều đáng ghi nhận là cách bộ phim xây dựng hình ảnh Superman như một người hùng nhân đạo. Anh không phải kẻ chinh phạt, cũng không phải đấng cứu thế mang tính thượng đẳng. Superman của Gunn biết lùi lại để lắng nghe, biết phân vân giữa lựa chọn đúng và cần thiết, và biết rằng mỗi sinh mạng đều xứng đáng được trân trọng - dù là con người hay không."
Superman (2025),miduynph,8,"Superman 2025 có giải trí, có lôi cuốn, có cả những phân cảnh hoành tráng, chạm cảm xúc người xem. Càng về cuối mạch phim trở nên hài hòa và đẩy cao trào với tiết tấu nhịp nhàng. Một Superman khởi đầu mới khá ổn và thuận lợi về sau."
Superman (2025),blakenguyen,8,"Một bộ phim Superman có tông màu sáng, tràn đầy hi vọng đúng như nguyên bản của nhân vật này.
Với phong cách đặc trưng của James Gunn, bộ phim khá thú vị để theo dõi, theo chân Clark Kent trong hành trình học hỏi cách sử dụng sức mạnh thần thánh của mình theo cách có ý nghĩa nhất.
James cài rất nhiều kiểu châm biếm vào bộ phim của mình, tuy không phải cái nào cũng thành công như vẫn có chất điên riêng của ông. Yếu tố chính trị có phần hời hợt và không thực sự cần thiết. Phản diện Lex Luthor và Lois Lane quá hợp vai và tương tác tốt với Superman.
Góc quay đặc sắc và theme phim rất đỉnh"
Wolfoo Và Cuộc Đua Tam Giới,ericxu,9,"Tính ra phim trẻ em nhưng xem cũng nhiều cảm xúc ghê á, lúc đầu tính là đưa em của mình đi xem thôi ai dè khúc cuối mình ở đó lim rim, cũng sâu sắc phết đó."
Wolfoo Và Cuộc Đua Tam Giới,Kiniem,10,"Phim hay, hài hước mà cũng xúc động lắm nhe. Dẫn các con đi xem về tình cảm bố con đi lên, dạt dào luôn nha :D"
Wolfoo Và Cuộc Đua Tam Giới,hile,10,"=))) phim oki la nha, xứng đáng cho tiền bắp nước của tui"
Wolfoo Và Cuộc Đua Tam Giới,ChsNgyn179,10,"omg luôn =)) tưởng phim hh cho trẻ con hài hài thôi, mà mình xem khóc vl. Hay nha các ní, xem ok vãi"
Wolfoo Và Cuộc Đua Tam Giới,thoround321,10,"Êk, phim ok nha ae. phụ huynh và trẻ con cùng đi xem được nha"
Một Nửa Hoàn Hảo,Nguyễn Giản Đại Minh,10,"Phim hay, rất chữa lành cho đàn ông loser"
Một Nửa Hoàn Hảo,Nguyễn Nhất Nam,10,rat hay va y nghia
Một Nửa Hoàn Hảo,ericxu,9,Xem xong cũng muốn được yêu ngang vậy á 🥹 nhưng thay vì tiền thì tình cảm và sự quan tâm nhiều lúc vẫn đáng giá hơn.
Một Nửa Hoàn Hảo,Minh Thy,7,rạp ok xịn sạch sẽ nhưng phim mình thấy bình thường chưa đủ wow đối với mình
Một Nửa Hoàn Hảo,diepnguyentam,8,"Trong phim, nhân vật Lucy đã phải đưa ra những lựa chọn hôn nhân quan trọng. Đến cuối phim, cô ấy cũng đã có lựa chọn cho bản thân, nhưng tôi tin rằng chính bản thân cô ấy cũng không thể chắc chắn nó có phải lựa chọn đúng đắn nhất hay không. Nhưng chẳng phải đó chính là cuộc đời hay sao, ta luôn đưa ra lựa chọn và hy vọng rằng ta đang đi đúng hướng. Đến cuối cùng, bộ phim đặt ra một câu hỏi quan trọng (hoặc có thể không quan trọng): Tại sao con người lại cần phải kết hôn?"
Thế Giới Khủng Long: Tái Sinh,Phan Văn Vũ,5,"tạm ổn, cũng không có gì mới so với các bộ phim cùng thể loại trước đó"
Thế Giới Khủng Long: Tái Sinh,vblinhhh,7,"Là một fan của series Jurassic, phần Rebirth này mình nghĩ là chưa đủ wow. Mạch phim lúc đầu rất chậm, buồn ngủ và sốt ruột. Lời thoại nhằm khai thác tâm lý, động cơ, câu chuyện của các nhân vật nhưng lại quá nông và gương gạo, sáo rỗng. Từ giữa phim đến cuối phim thì mới bắt đầu có các pha hành động, đụng độ với dinosaurs kịch tính giật gân hơn. Phim có yếu tố nhân đạo nhưng cách dẫn dắt thể hiện có phần vụng về nên k đủ lay động cảm xúc ng xem. Các dinosaurs đột biến gen là 1 ý tưởng hay nhưng lại k dc khai thác triệt để, khiến dinosaurs trở nên mờ nhạt trong chính series làm về chúng. Tổng kết lại nếu để giải trí thì oke còn để hay thì chưa tới."
Thế Giới Khủng Long: Tái Sinh,Thonionf,10,"hay và hấp dẫn , có những pha hành động thoát tim"
Thế Giới Khủng Long: Tái Sinh,Khuất thị phương anh,6,Phim không hay lắm
Thế Giới Khủng Long: Tái Sinh,Danghai281100,6,Bình thường không có gì đặc sắc
Thế Giới Khủng Long: Tái Sinh,NGUYỄN MẠNH TIẾN,10,Phim hay đáng xem nha m.n ưi
Thế Giới Khủng Long: Tái Sinh,ericxu,8,"Phim sẽ phù hợp cho những ai chỉ muốn xem giải trí, đầu phim có thể hơi buồn ngủ tí nhưng tổng thể thì phim vẫn có đủ yếu tố hành động, hồi hộp và tâm lý, mang lại cho khán giả 1 trải nghiệm khá thú vị."
Thế Giới Khủng Long: Tái Sinh,blakenguyen,6,"Thương hiệu nổi tiếng lại 1 lần nữa được reboot trong tác phẩm năm nay với vai chính thuộc về nữ minh tinh Scarlett Johansson, nhằm tái định hình lại hướng phát triển cho dòng phim. Lần này tác phẩm đi theo phong cách thám hiểm truyền thống, hạn chế bớt các yếu tố con người, xã hội vào mạch truyện cũng là một lựa chọn tốt. Phim theo chân nhóm thám hiểm để tiếp cận những loài khủng long lớn nhất trên biển, trên cạn và trên không nhằm thu thập mẫu ADN quý giá của chúng. Tuy nhiên, hướng đi hay nhưng từng bước phát triển lại khá gượng gạo, nhiều lỗ hỏng, lời thoại gượng gạo mất tự nhiên khiến đoạn giữa bộ phim xem khá hụt hơi. Khủng long được thiết kế tối đa bằng CGI khiến cảm giác chân thật khi tương tác với con người giảm đi sự ấn tượng, mình vẫn thích có sử dụng mô hình cơ khí như những phiên bản cũ hơn. Phản diện chính là một mẫu khủng long to lớn lấy cảm hứng từ loài Xenomorph trong loạt phim Aliens không thể hiện được quá nhiều, trong khi đó T-Rex, Mosasaurus và Quetzalcoatlus lại rất ấn tượng"
F1,Đào Đặng Thanh Quỳnh,6,"Nếu là người xem F1 thật bạn sẽ thấy kịch bản nó nhiều lỗ hổng, phi lý, nhân vật nữ technical director k đc khai thác, bị minh họa nông và thiếu hợp lý
Điểm cộng là phần hình ảnh thật sự quay rất đẹp, lâu lâu cameo vài nhân vật từ F1 thật nên thú vị. Âm thanh cũng là 1 điểm cộng, nói chung với ai k xem F1 thật thì đây sẽ là 1 trải nghiệm mãn nhãn, còn ng có coi thì..."
F1,ericxu,9,"Phim không chỉ về đua xe, mà là cả 1 kiến thức về F1 và được chiêm ngưỡng trực tiếp trên màn ảnh =))) đã thôi rồi luôn á, dù phim hơi dài nhưng không sao hihi.

P/S: soundtrack của Tate Mcrae với Rosé nghe mê nha trời ơi!!!! :3"
F1,holee5heet,10,nó là cái ghế vì hay không phải bàn
F1,dongle2849,10,"Đừng tưởng chỉ vào coi đua xe, một nội dung rất cuốn"
Bí Kíp Luyện Rồng live action,Trần Lê Ý Vy,10,"Phim rất hay, đẹp, diễn tròn vai,làm đúng nguyên gốc về mọi mặt."
Bí Kíp Luyện Rồng live action,Danghai281100,7,Bình thường không có gì đặc biệt
Bí Kíp Luyện Rồng live action,Pé Lan,8,LỒNG TIẾNG DỞ ẸC
Bí Kíp Luyện Rồng live action,Nguyễn Đình Kiên Anh,10,hay giống bản hoạt hình
Bí Kíp Luyện Rồng live action,vanvan87,10,"phim rất hay, kĩ xảo, nội dung quá tuyệt vời, tuy nhiên lồng tiếng hơi khó nghe"
Bí Kíp Luyện Rồng live action,LuigiNghi,10,"phim hay, sóng động với hình ảnh rồng và nội dung cân bằng anime, đáng coi nha"
Bí Kíp Luyện Rồng live action,Trần Thị Bảo Châu,10,Đáng tiền. Mãn nhãn.
Bí Kíp Luyện Rồng live action,Bùi Quang Khải,10,"Hoài niệm, kỹ xảo đỉnh nóc, bê nguyên tác ra kg thêm kg thắt gì, bởi nó hay sẵn rồi."
Lilo & Stitch live action,Nguyễn Thị Hoàng Hiền,10,"Bộ phim đầy tình cảm, rất tuyệt vời."
Lilo & Stitch live action,LuckyPanda,10,Phim rất hay và hài.
Lilo & Stitch live action,Nguyễn Thị Oanh,9,"Phim hay, tình cảm nhưng phục vụ của Beta Đan Phượng hơi chậm."
Lilo & Stitch live action,IAMOLD,9,I only give it a 9 because I like the original more. I'm bias.
Địa Đạo: Mặt Trời Trong Bóng Tối,Nguyễn Âu Ngọc Quang,6,phần kết tróng vánh quá
Địa Đạo: Mặt Trời Trong Bóng Tối,Trần Thị Vân Anh,8,"Hình ảnh chân thực, ý nghĩa khơi nguồn lịch sử trong tym. Nhưng kết hơi hững hờ.... mong là sẽ có nhiều những thước phim như thế này để lột tả những cảnh sắc dân tộc mà dân ta đã dành lấy độc lập."
Địa Đạo: Mặt Trời Trong Bóng Tối,Nguyễn Thị Thảo Nguyên,10,Phim hay và ý nghĩa. Nên đi xem
Địa Đạo: Mặt Trời Trong Bóng Tối,Bùi Thành Đạt,8,"Phim làm khá hay, nội dung và âm thanh tốt, kết phim hơi cụt, nói chung là đáng xem trong dịp này"
Địa Đạo: Mặt Trời Trong Bóng Tối,Nguyễn Thanh Tài,7,"Phim chưa có thực sự thể hiện được hết sự tàn khốc của chiến tranh, mình cảm thấy chưa chạm vào cảm xúc người xem lắm. Còn lại tất cả mọi thứ đều hay và quá tốt."
Địa Đạo: Mặt Trời Trong Bóng Tối,Lê Quang Đạt,10,"Phim rất hay, tuy chưa đào sâu vào trận chiến khốc liệt của địa đạo Củ Chi nhưng cũng mang lại cho người xem cái nhìn về cuộc sống của các chiến sĩ Việt Nam lúc đó, rất đáng để xem."
Địa Đạo: Mặt Trời Trong Bóng Tối,dương Quý Khang,9,Phim hay lắm nên coi thử 1 lần
Địa Đạo: Mặt Trời Trong Bóng Tối,Nguyễn Duy Thắng,8,"Cũng được, kết hơi cụt. Nhưng mà vẫn chạm đến cảm xúc của mình."
Địa Đạo: Mặt Trời Trong Bóng Tối,Lã Thị Thu Hà,7,Dạng phim tư liệu hợp lý hơn
Địa Đạo: Mặt Trời Trong Bóng Tối,Nguyễn Mai Phượng,10,"Một bộ phim hay, có giá trị nghệ thuật và lịch sử rất cao"
Địa Đạo: Mặt Trời Trong Bóng Tối,Nguyễn Thu Hằng,7,"Tình tiết mang yếu tố sex không che có thể lược bớt, làm tinh tế hơn ( để các bạn PTCS có thể dc phép xem phim)"
Địa Đạo: Mặt Trời Trong Bóng Tối,Bích Ngọc,10,"Phim hay, thu hút, thể hiện lòng yêu nước, thế hệ trẻ có thể hiểu phần nào sự cực khổ hy sinh của cha ông ngày xưa"
Địa Đạo: Mặt Trời Trong Bóng Tối,Linhduyen050920,10,phim hay lắm nha
Địa Đạo: Mặt Trời Trong Bóng Tối,Vi Thuý,10,"Phm rất hay và ý nghĩa. Cảnh quay và hiệu ứng rất châ thực. Cảm giác khi xem xem phim thấy khá nặng nề, ngột ngạt, nhưng xe xong ra khỏi rạp mớ càng thấy yêu quý cuộc sống tự do, yêu cuộc đời và biết ơn các thế hệ cha ông!"
Địa Đạo: Mặt Trời Trong Bóng Tối,Trương thị Loan phụng,10,"quá tuyệt vời ạ, đầy cảm xúc và diễn xuất rất xuất sắc của các diễn viên."
Địa Đạo: Mặt Trời Trong Bóng Tối,Ng_Giang02,9,"Xem phim xong tự hào về đất nước mình quá chừng. Có những phân đoạn mình đã nổi da gà và rơi nước mắt, khóc vì thương cho sự hi sinh của cha ông ta, khóc vì cảm thán trước tinh thần yêu nước của quân dân. 2 tiếng có lẽ là không đủ để lột tả hết những khó khăn, gian khổ và tình tiết của cả trận đấu ở Củ Chi. Xin một lần nữa được cúi mình trước ý chí kiên cường và tinh thần bất khuất của người chiến sĩ, khâm phục nhà làm phim vì đã làm ra những thước phim tái hiện lại lịch sử chiến đấu của dân tộc. Âm thanh, hình ảnh phim khá xuất sắc đối với mình. Cái kết mở nên mình vẫn còn hơi khúc mắc, hi vọng sẽ có p2 và p3. Mong các nhà làm phim sẽ đẩy mạnh khai thác đề tài phim về lịch sử chiến tranh của cha ông ta, mình rất mong chờ được xem phim về chiến thắng Điện Biên Phủ. Mình chỉ đọc qua trận đánh trong sách vở nhưng nếu để dựng thành phim thì sẽ rất hào hùng. Moi người nên đi xem Địa Đạo nha, không phí tiền đâu ạ !"
Địa Đạo: Mặt Trời Trong Bóng Tối,Nguyễn Thị Cẩm Ly,10,Phim hay lắm luôn. Nên đi xem
Địa Đạo: Mặt Trời Trong Bóng Tối,Ice2612,9,"Nhìn nhận thực tế trong 2 tiếng thì kịch bản không thể nào lột tả được hết sự khốc liệt của chiến tranh nên mn xem sẽ có sự hụt hẫng.Tuy nhiên để quay được những cảnh phim dưới Địa Đạo thì đoàn đã rất xuất sắc,mình vô cùng nể phục đoàn .Mn nên đọc hay xem thêm tư liệu trước khi xem để có trãi nghiệm hay nhất.
Mong đạo diễn có thể nghiên cứu +học hỏi và tạo thêm những tác phẩm lịch sử hào hùng như Địa Đạo.Xin cảm ơn^^"
Địa Đạo: Mặt Trời Trong Bóng Tối,IAMOLD,10,Có lẽ tôi nên xem lại vài phim chiến tranh của Việt Nam làm bởi phim này quá đạt
Địa Đạo: Mặt Trời Trong Bóng Tối,Vũ thị kim viet,10,"Xem xong phim Địa đạo, lòng tôi bồi hồi không yên. Những hình ảnh tái hiện lại một thời chiến tranh gian khổ, khi mà đồng bào ta phải sống, chiến đấu dưới lòng đất – nơi thiếu ánh sáng nhưng tràn đầy hy vọng – khiến tôi vừa xúc động vừa cảm phục vô cùng.

Là một người phụ nữ trung niên, đã từng nghe cha mẹ kể nhiều về chiến tranh, nhưng phải đến khi tận mắt chứng kiến qua bộ phim, tôi mới thật sự cảm nhận sâu sắc tinh thần bất khuất của dân tộc mình. Những người chiến sĩ, những người mẹ, người chị, người em – tất cả đã cùng nhau gồng gánh, bảo vệ từng tấc đất quê hương bằng tất cả máu xương và lòng kiên trung. Địa đạo không chỉ là nơi trú ẩn, mà còn là biểu tượng của trí tuệ và bản lĩnh Việt Nam.

Phim khiến tôi rơi nước mắt khi thấy những cảnh cả làng cùng nhau đào từng mét đất, sống giữa lòng đất ẩm ướt, thiếu thốn mọi thứ, nhưng ai cũng một lòng hướng về Tổ quốc. Họ đã hy sinh cả tuổi trẻ, thậm chí cả mạng sống, để đất nước hôm nay được bình yên.

Tôi cảm thấy mình thật may mắn khi được sống trong thời bình. Và càng xem, tôi càng thấy rõ trách nhiệm của thế hệ mình: phải giữ gìn những giá trị truyền thống, phải dạy cho con cháu biết quý trọng lịch sử, trân trọng những hy sinh mà cha ông đã trải qua. Địa đạo không chỉ là một bộ phim, mà là lời nhắc nhở sâu sắc về lòng yêu nước, về sức mạnh của tinh thần Việt Nam."
Địa Đạo: Mặt Trời Trong Bóng Tối,Tran Tuan Anh,9,"Phim khá hay, có đầu tư, mà cái kết hơi vội chưa nghĩ đó là kết"
Địa Đạo: Mặt Trời Trong Bóng Tối,Phan Thị Bình,10,"Phim tái hiện về Địa Đạo Củ Chi rất ý nghĩa, các bạn trẻ nên xem để thấy đc sự hy sinh của các thế hệ Ông Cha đi trước"
Địa Đạo: Mặt Trời Trong Bóng Tối,Lê Nguyễn Tri Ân,3,"phim dỡ tệ, nội dung không nói lên được ý nghĩa của thời cục. Không xoáy vào và làm rõ vấn đề gì cả. Có thể nói là chấp vá từng đoạn và ghép lại thành phim. Cạn lời với đạo diễn"
Địa Đạo: Mặt Trời Trong Bóng Tối,Tiên,10,"Rất đáng giá, cảm nhận được sự ngột ngạt qua bộ phim tư liệu này và cảm thấy tự hào khi được nhìn thấy đất nước của hôm nay."
Địa Đạo: Mặt Trời Trong Bóng Tối,Nguyễn thuý hằng,9,"Tất cả hay trừ cảnh nóng cuối phim. Làm bộ phim trở nên khó hiểu, rẻ mạt hơn.Thay vì cảnh nóng vô lý đó, tại sao ko là 1 cảnh ôm,hay là cái nắm tay nhau cùng đi qua địa đạo."
Địa Đạo: Mặt Trời Trong Bóng Tối,Huỳnh Thị Như Ý,10,"Mình chỉ có 2 từ đó là 'Tự Hào', dành cho bộ phim và những người đã đấu tranh vì độc lập dân tộc"
Địa Đạo: Mặt Trời Trong Bóng Tối,Dương Đức Trí,10,Phim quá hay quá ý nghĩa
Địa Đạo: Mặt Trời Trong Bóng Tối,Lê Hoàng Bảo Linh,10,Có thể ra nhiều thể loại phim lịch sử như thế này được không ạ. Ra rạp xem mình thấy rất nhiều bạn trẻ háo hức và hưởng ứng( có cả mình trong đó nữa) 😍
Địa Đạo: Mặt Trời Trong Bóng Tối,Hồ Nguyễn Vân Anh,10,Siêu hay đáng để xem nói về chiến tranh ở đạo củ chi siêu cuốn
Địa Đạo: Mặt Trời Trong Bóng Tối,Đỗ Anh Minh,9,Phim Việt hay nhất mà tôi từng xem. Hơi nhiều cảnh nóng ko cần thiết
Địa Đạo: Mặt Trời Trong Bóng Tối,Đoàn Quang Huy,10,"Rất thực tế về thời kì chiến tranh ở địa đạo, mình thấy tái thực lại lịch sử gần như là 99% và mình rất thích xem những nội dung như thế này"
Địa Đạo: Mặt Trời Trong Bóng Tối,Trần Đức Tài,10,"rất hay , phục vụ tốt"
Địa Đạo: Mặt Trời Trong Bóng Tối,Võ Mai Linh,10,Phim siêu đỉnh chời ơi
Địa Đạo: Mặt Trời Trong Bóng Tối,Nguyễn Thanh Huy,10,hay lắm luôn mn
Địa Đạo: Mặt Trời Trong Bóng Tối,Nguyễn Hữu Quốc Thái,7,"Phim hay ạ,hiệu ứng phim rất chân thực,mình kh bt có phần 2 kh nhưng phần này cái kết khá bất ngờ ạ"
Địa Đạo: Mặt Trời Trong Bóng Tối,Phạm Hải Tương,10,"Ý nghĩa, sâu sắc, chân thực. 10 điểm"
Địa Đạo: Mặt Trời Trong Bóng Tối,LÊ THỊ HOA,10,Phim rất hay. Phim tái hiện lịch sử thời kỳ kháng chiến chống Mỹ năm 1966.
Địa Đạo: Mặt Trời Trong Bóng Tối,Trần Ngọc Bảo Châu,10,99999999999 /10 điểm
Địa Đạo: Mặt Trời Trong Bóng Tối,Nguyễn Vũ Thái Dương,10,Phim quá hay
Địa Đạo: Mặt Trời Trong Bóng Tối,Dương Minh Đăng,2,"nội dung không rõ ràng, quá khó để nhớ nhân vật nào ra nhân vật nào (do tên nhân vật, do tạo hình nhân vật giống nhau, dotên nhân vật được nhắc tới quá ít/tên nhân vật khi được nói lên khó nghe rõ) màn kết mở của phim rất tệ, lần đầu xem phim rạp mà ngồi chán như thế này."
Địa Đạo: Mặt Trời Trong Bóng Tối,Nguyễn Thị Thanh Tâm,9,"Phim hay, xúc động về những hi sinh, về tình đồng chí của du kích trong chiến tranh dù cs thiếu thốn, vất vả. Tôi đã khóc trong 1 số phân đoạn. Chỉ hơi ngại với cảnh nóng cuối phim"
Địa Đạo: Mặt Trời Trong Bóng Tối,Bùi Thị Hiền Thương,9,"Phim đỉnh lắm luôn. Nó sẽ không wao như mọi người nghĩ nhưng mà bù lại, coi xong sẽ cảm thấy cực kì ý nghĩa á. Kiểu sẽ giúp mình hiểu rõ hơn về thời kì chiến tranh, sẽ cảm nhận được nhiều hơn về cái khổ ngày ấy. Diễn viên đóng cũng ổn lắm nha, thể hiện được cảm xúc đúng cảnh phim. Có những góc khuất về chiến trang mà với một người 18t như mình nếu chỉ đọc trong sách vở cũng không lột tả được. Nhưng mà có mấy cảnh 18+ mình vẫn chưa hiểu được lí do mà nhà sản xuất đưa vào phim có ý nghĩa gì. Nhưng mà tóm lại là nên coi nha"
Địa Đạo: Mặt Trời Trong Bóng Tối,Phương Lin,10,Hic em cảm động lắm. Chi tiết nào em cũng khóc ngất. Vì mình đang ở độ tuổi như các anh các chị thời đó nhưng hiẹna tại mình chỉ cần cầm bút viết tiếp tương lai đất nước. Còn các anh chị thời ấy phải cằm súng bảo vệ Tổ quốc. Phim đem lại cảm xúc thật nhất cho giới trẻ hiện nay hiểu những gì ông bà cha anh ta đã trãi qua. Em xin trân trọng cảm ơn !
Địa Đạo: Mặt Trời Trong Bóng Tối,Trần Lan,10,Ý nghĩa 30/4 nên phổ cập cho thế hệ trẻ hiểu và yêu nước Việt Nam
Địa Đạo: Mặt Trời Trong Bóng Tối,miduynph,8,"Bộ phim lịch sử hiếm hoi của điện ảnh Việt trong những năm gần đây. Câu chuyện đủ chân thực, đủ tàn khốc chỉ thiếu một chút sử thi bi tráng nữa thì sẽ tuyệt vời hơn thế. Dàn diễn viên hi sinh hết mình với tạo hình ốm đói, khắc khổ. Các cảnh bom đạn, vũ khí, khí tài quân sự đều thật và hoành tráng. Cảnh nóng của phim có phần chưa cần thiết lắm. Nhìn chung đây là một bộ phim đáng xem dịp lễ này."
Địa Đạo: Mặt Trời Trong Bóng Tối,blakenguyen,8,"Fim chiến tranh hiếm hoi của Việt Nam, được đầu tư bài bản từ ngoại cảnh, trạng phục đến dàn diễn viên hết sức cống hiến cho vai diễn. Nhịp phim chậm rãi, có phần như một bộ phim tài liệu tua chậm lại những khó khăn, gian khổ nơi địa đạo mà các chiến sĩ du kích phải chịu đựng. Sự chân thật là điều đạo diễn muốn tập trung nên lại đã bỏ qua những đại cảnh thật sự đắt giá khiến khán giả có thể wow lên, hay tính bi tráng đậm chất tuyên truyền như một số phim cùng thể loại đã không xuất hiện. Ngoài ra, yếu tố tình cảm 18+ có thực sự cần thiết trong một bộ phim đề cao giá trị tinh thần người lính cũng là một điều nên bàn tới."
Địa Đạo: Mặt Trời Trong Bóng Tối,Nguyễn Ngọc Hải,10,Film hay cảnh quay chân thực
Địa Đạo: Mặt Trời Trong Bóng Tối,anan681,9,"Phim hay, ý nghĩa. Cảnh quay rất chân thực, khốc liệt, không kém phần hoành tráng vì phim chịu đầu tư và có tìm hiểu kỹ lưỡng. Có hạn chế nhất định về nhiều vấn đề 9 trị hoặc kinh phí nên độ ""khủng khiếp"" thì chưa tới mức wow, nhưng vẫn hừng hực khí thế."
Địa Đạo: Mặt Trời Trong Bóng Tối,Trương Trần Hoàng Huy,8,Cái kết mở quá
Địa Đạo: Mặt Trời Trong Bóng Tối,Hồ Thị Hằng,5,Ý là đang cảm xúc dâng cao tự nhiên có yếu tố 18+ vào cái tuột mood ngang:((
